Date,Title,Link,Source,source
2023-02-13 09:35:00,2 Chip Stocks That Could Win Big From the Space Economy,https://finance.yahoo.com/m/f14c979e-0a18-36f5-957a-62e28aba9095/2-chip-stocks-that-could-win.html,finance.yahoo,
2023-02-08 15:12:00,"Earnings Roundup: Apple, Amazon, Starbucks, and More",https://finance.yahoo.com/m/87d7de6e-cf27-3fbb-be4d-b49af4c65d0f/earnings-roundup%3A-apple%2C.html,finance.yahoo,
2023-02-08 09:00:00,QUALCOMM Incorporated (QCOM) is Attracting Investor Attention: Here is What You Should Know,https://finance.yahoo.com/news/qualcomm-incorporated-qcom-attracting-investor-140002014.html,finance.yahoo,
2023-02-07 10:21:00,Like Dividends and Stock Growth? Give Qualcomm A Serious Look,https://finance.yahoo.com/m/5796f14e-6982-3bd7-b76f-af344caef93c/like-dividends-and-stock.html,finance.yahoo,
2023-02-07 07:28:00,Where Will Qualcomm Stock Be In 1 Year?,https://finance.yahoo.com/m/91d05eb9-77f1-37c3-9eca-bac8ec305a4e/where-will-qualcomm-stock-be.html,finance.yahoo,
2023-02-06 14:22:00,Why Many Semiconductor Stocks Jumped in January,https://finance.yahoo.com/m/92b9cc43-eeda-3c74-9610-f9240a137eb5/why-many-semiconductor-stocks.html,finance.yahoo,
2023-02-06 14:03:00,"Market Update: CNI, MMP, GOOGL, MCHP, QCOM, CTVA",https://finance.yahoo.com/m/09f63a52-3321-3459-bb79-ef78638fe03b/market-update%3A-cni%2C-mmp%2C.html,finance.yahoo,
2023-02-06 14:03:00,"Analyst Report: Qualcomm, Inc.",https://finance.yahoo.com/m/d90361be-85a5-3178-940f-250b66e5a5d2/analyst-report%3A-qualcomm%2C-inc..html,finance.yahoo,
2023-02-05 16:25:00,The 3 Most Undervalued Semiconductor Stocks to Buy in February 2023,https://finance.yahoo.com/news/3-most-undervalued-semiconductor-stocks-212520332.html,finance.yahoo,
2023-02-05 07:09:00,"QUALCOMM First Quarter 2023 Earnings: EPS Beats Expectations, Revenues Lag",https://finance.yahoo.com/news/qualcomm-first-quarter-2023-earnings-120922555.html,finance.yahoo,
2023-02-05 07:01:00,Qualcomm Stock Is Ready for Takeoff Despite a Weak Phone Market,https://finance.yahoo.com/m/e3c95374-53ff-3a40-8067-63261baa0ecb/qualcomm-stock-is-ready-for.html,finance.yahoo,
2023-02-04 08:00:00,S&P 500 Stock Exxon Mobil Leads Top 5 Stocks Near Buy Points,https://finance.yahoo.com/m/945f93d1-d070-3fbd-a84f-bef00b5728ed/s%26p-500-stock-exxon-mobil.html,finance.yahoo,
2023-02-03 16:45:00,Why Qualcomm Stock Flopped on Friday,https://finance.yahoo.com/m/eb71b38b-5dbd-3b86-a7b3-c8dbb9642082/why-qualcomm-stock-flopped-on.html,finance.yahoo,
2023-02-03 16:19:00,QUALCOMM Incorporated (NASDAQ:QCOM) Q1 2023 Earnings Call Transcript,https://finance.yahoo.com/news/qualcomm-incorporated-nasdaq-qcom-q1-211918819.html,finance.yahoo,
2023-02-03 16:08:00,Qualcomm Joins Other Chipmakers Guiding Lower For The March Quarter,https://finance.yahoo.com/m/bdc43835-02f6-3328-972a-24fe70af7461/qualcomm-joins-other.html,finance.yahoo,
2023-02-03 13:10:00,Stock Market Turns Lower After Strong Jobs Report; Apple Stock Reverses Higher Despite Sluggish Quarter,https://finance.yahoo.com/m/2a1c7576-bedd-35d2-b50d-557f6412deb6/stock-market-turns-lower.html,finance.yahoo,
2023-02-03 12:48:00,This too shall pass: Qualcomms stock avoids pain from forecast miss as it still looks better than other chip stocks,https://finance.yahoo.com/m/9314bb78-48e2-3609-a630-6e201483b728/%E2%80%98this-too-shall-pass%E2%80%99%3A.html,finance.yahoo,
2023-02-03 12:48:00,This too shall pass  Qualcomm stock avoids pain from forecast miss as it still looks better than other chip stocks,https://finance.yahoo.com/m/9314bb78-48e2-3609-a630-6e201483b728/%E2%80%98this-too-shall-pass%E2%80%99-%E2%80%94.html,finance.yahoo,
2023-02-03 12:11:00,"Stock Market Trims Losses After Strong Jobs Report; Apple Stock Surges 4%, Tesla Reverses Higher",https://finance.yahoo.com/m/2a1c7576-bedd-35d2-b50d-557f6412deb6/stock-market-trims-losses.html,finance.yahoo,
2023-02-03 12:04:00,Qualcomm Stock Rises. The Company Is Diversifying Away From Smartphones and Apple.,https://finance.yahoo.com/m/88384542-d32e-3374-93cf-6200d12f8ec4/qualcomm-stock-rises.-the.html,finance.yahoo,
2023-02-03 10:45:00,"Stock Market Recovers After Blowout Jobs Report; Apple, Google, AMZN, QCOM Earnings In Focus",https://finance.yahoo.com/m/2a1c7576-bedd-35d2-b50d-557f6412deb6/stock-market-recovers-after.html,finance.yahoo,
2023-02-03 10:30:00,"Stock Market Takes Heat After Blowout Jobs Report; Apple, Google, AMZN, QCOM Earnings In Focus",https://finance.yahoo.com/m/2a1c7576-bedd-35d2-b50d-557f6412deb6/stock-market-takes-heat-after.html,finance.yahoo,
2023-02-03 09:56:00,Qualcomms Q1 revenue declines 12% year-over-year,https://finance.yahoo.com/video/qualcomm-q1-revenue-declines-12-145623040.html,finance.yahoo,
2023-02-03 09:30:00,Brokers Suggest Investing in Qualcomm (QCOM): Read This Before Placing a Bet,https://finance.yahoo.com/news/brokers-suggest-investing-qualcomm-qcom-143002666.html,finance.yahoo,
2023-02-03 09:21:00,Analyst Report: QUALCOMM Incorporated,https://finance.yahoo.com/m/b306b1f5-3568-39a6-a07b-e14c8842b5b4/analyst-report%3A-qualcomm.html,finance.yahoo,
2023-02-03 09:02:00,Qualcomm (QCOM) Reports Q1 Earnings: What Key Metrics Have to Say,https://finance.yahoo.com/news/qualcomm-qcom-reports-q1-earnings-140202445.html,finance.yahoo,
2023-02-03 08:42:00,"Qualcomm (QCOM) Beats on Q1 Earnings, Falters on Revenues",https://finance.yahoo.com/news/qualcomm-qcom-beats-q1-earnings-134201430.html,finance.yahoo,
2023-02-03 08:15:00,"Dow Jones Futures Fall As Apple, Google, Amazon Skid, Jobs Report Looms; Market Rally Due For Pullback?",https://finance.yahoo.com/m/e219f16e-3134-3728-9598-aa34aa23b1fa/dow-jones-futures-fall-as.html,finance.yahoo,
2023-02-03 03:05:00,"Apple, Amazon, Alphabet, Ford all fall in premarket",https://finance.yahoo.com/news/apple-amazon-alphabet-ford-fall-080559265.html,finance.yahoo,
2023-02-03 00:56:00,5 big earnings reports: Apple's biggest sales drop in 7 years,https://finance.yahoo.com/news/5-big-earnings-reports-apples-055659224.html,finance.yahoo,
2023-02-02 22:14:00,"Dow Jones Futures: Apple, Google, Amazon Skid, Jobs Report Looms; Market Rally Due For Pullback?",https://finance.yahoo.com/m/e219f16e-3134-3728-9598-aa34aa23b1fa/dow-jones-futures%3A-apple%2C.html,finance.yahoo,
2023-02-02 21:30:00,Qualcomm (QCOM) Q1 2023 Earnings Call Transcript,https://finance.yahoo.com/m/a7587b42-586a-3906-aa91-f02467342419/qualcomm-%28qcom%29-q1-2023.html,finance.yahoo,
2023-02-02 20:45:00,"Qualcomm stock falls after forecast misses, CEO says inventory issues will persist",https://finance.yahoo.com/m/3d010a87-da34-3639-8443-4dadbbc52bde/qualcomm-stock-falls-after.html,finance.yahoo,
2023-02-02 18:57:00,Qualcomm Posts 12% Drop in Sales,https://finance.yahoo.com/m/f463665a-239f-38a1-aa84-3626bb86bb16/qualcomm-posts-12%25-drop-in.html,finance.yahoo,
2023-02-02 18:09:00,Qualcomm Sales Forecast Disappoints; New Businesses Pick Up,https://finance.yahoo.com/news/qualcomm-sales-forecast-disappoints-businesses-215358099.html,finance.yahoo,
2023-02-02 17:57:00,"Qualcomm stock turns around after forecast misses, CEO says inventory issues will persist",https://finance.yahoo.com/m/3d010a87-da34-3639-8443-4dadbbc52bde/qualcomm-stock-turns-around.html,finance.yahoo,
2023-02-02 17:20:00,Qualcomms Guidance Falls Short on Softening Phone Demand,https://finance.yahoo.com/m/1b8bcf74-7d93-3ff0-8ea6-a419e2a7c792/qualcomm%E2%80%99s-guidance-falls.html,finance.yahoo,
2023-02-02 17:15:00,Qualcomm (QCOM) Beats Q1 Earnings Estimates,https://finance.yahoo.com/news/qualcomm-qcom-beats-q1-earnings-221510524.html,finance.yahoo,
2023-02-02 17:12:00,Qualcomm stock turns lower as CEO says inventory clearance will persist in first half of 2023,https://finance.yahoo.com/m/3d010a87-da34-3639-8443-4dadbbc52bde/qualcomm-stock-turns-lower-as.html,finance.yahoo,
2023-02-02 16:52:00,Qualcomm reports mixed results in Q1 earnings release,https://finance.yahoo.com/video/qualcomm-reports-mixed-results-q1-215216628.html,finance.yahoo,
2023-02-02 16:11:00,Qualcomm stock rises following slight earnings beat,https://finance.yahoo.com/m/3d010a87-da34-3639-8443-4dadbbc52bde/qualcomm-stock-rises.html,finance.yahoo,
2023-02-02 16:07:00,Qualcomm Earnings Release Available on Company's Investor Relations Website,https://finance.yahoo.com/news/qualcomm-earnings-release-available-companys-210700977.html,finance.yahoo,
2023-02-02 16:05:00,Qualcomm sees earnings below Street as smartphone market sags,https://finance.yahoo.com/news/qualcomm-forecasts-earnings-below-expectations-210555102.html,finance.yahoo,
2023-02-02 16:00:00,Qualcomm forecasts earnings below expectations as smartphone demand worsens,https://finance.yahoo.com/news/qualcomm-forecasts-earnings-below-expectations-210055381.html,finance.yahoo,
2023-02-02 08:39:00,Qualcomm Earnings Could Disappoint. Smartphone Demand Could Be Why.,https://finance.yahoo.com/m/1b8bcf74-7d93-3ff0-8ea6-a419e2a7c792/qualcomm-earnings-could.html,finance.yahoo,
2023-02-01 17:30:00,"U.S. investors have plowed billions into China's AI sector, report shows",https://finance.yahoo.com/news/u-investors-plowed-billions-chinas-223053033.html,finance.yahoo,
2023-02-01 15:41:00,UPDATE 2-Samsung's newest Galaxy S smartphones a test of brand power in weak market,https://finance.yahoo.com/news/1-samsungs-newest-galaxy-smartphones-204100849.html,finance.yahoo,
2023-02-01 13:00:00,Samsung debuts S23 line complete with big camera improvements,https://finance.yahoo.com/news/samsung-debuts-s23-line-complete-with-big-camera-improvements-180000361.html,finance.yahoo,
2023-02-01 05:15:00,3 Things About Texas Instruments That Smart Investors Know,https://finance.yahoo.com/m/5637111f-40dc-3826-af26-14747dc0d6ad/3-things-about-texas.html,finance.yahoo,
2023-01-31 12:40:00,There's a Difficult Market Ahead for Smartphones,https://finance.yahoo.com/m/3280f83a-e7b0-3591-aca2-b731d481ac31/there%27s-a-difficult-market.html,finance.yahoo,
2023-01-31 12:11:00,Will Soft Revenues Impact Qualcomm's (QCOM) Q1 Earnings?,https://finance.yahoo.com/news/soft-revenues-impact-qualcomms-qcom-171105051.html,finance.yahoo,
2023-01-31 11:35:00,"Chip stocks may have seen the bottom in October, analyst says",https://finance.yahoo.com/video/chip-stocks-may-seen-bottom-163501853.html,finance.yahoo,
2023-01-31 08:29:00,A U.S. Crackdown on Huawei Would Pressure Qualcomm and Intels China Businesses,https://finance.yahoo.com/m/b821942d-19e2-39c6-866c-345c64c12984/a-u.s.-crackdown-on-huawei.html,finance.yahoo,
2023-01-31 02:52:00,Biden Team Weighs Fully Cutting Off Huawei From US Suppliers,https://finance.yahoo.com/news/biden-team-weighs-fully-cutting-202541385.html,finance.yahoo,
2023-01-30 16:07:00,"Amazon, Qualcomm Partner Driving Breakout With 778% Growth",https://finance.yahoo.com/m/94b03fe2-9a9b-3247-bfdf-48acdcfd9e83/amazon%2C-qualcomm-partner.html,finance.yahoo,
2023-01-30 15:58:00,UPDATE 4-U.S. stops granting export licenses for China's Huawei - sources,https://finance.yahoo.com/news/2-u-stops-granting-export-205800414.html,finance.yahoo,
2023-01-30 15:51:00,Chip stocks hit by report of Biden Huawei ban,https://finance.yahoo.com/m/8468d33a-35ab-301e-a739-3330a6d396b8/chip-stocks-hit-by-report-of.html,finance.yahoo,
2023-01-27 10:13:00,Apple Stock Climbs Off Lows As Earnings Optimism Builds: 3 Other FAANG Stocks Dominate Earnings Calendar,https://finance.yahoo.com/m/b142112b-9029-334e-afed-5fba68549ab3/apple-stock-climbs-off-lows.html,finance.yahoo,
2023-01-26 16:08:00,"Intel earnings: Chip giant misses Wall Street expectations, Q1 guidance disappoints",https://finance.yahoo.com/news/intel-earnings-chip-giant-misses-wall-street-expectations-q1-guidance-disappoints-210626026.html,finance.yahoo,
2023-01-26 12:24:00,Intel earnings: Chip giant to report Q4 results as PC sales plummet,https://finance.yahoo.com/news/intel-earnings-chip-giant-to-report-q4-results-as-pc-sales-plummet-172446937.html,finance.yahoo,
2023-01-26 10:01:00,Earnings Preview: Qualcomm (QCOM) Q1 Earnings Expected to Decline,https://finance.yahoo.com/news/earnings-preview-qualcomm-qcom-q1-150103334.html,finance.yahoo,
2023-01-26 06:15:00,Is Qualcomm a Buy?,https://finance.yahoo.com/m/f77b22d8-20fb-3ca9-8258-c7cf30b6413d/is-qualcomm-a-buy%3F.html,finance.yahoo,
2023-01-25 17:41:00,7 Bargain Stocks to Buy as a New Bull Market Emerges,https://finance.yahoo.com/news/7-bargain-stocks-buy-bull-224151420.html,finance.yahoo,
2023-01-25 14:50:00,"AMD, Nvidia, and 2 More Chip Stocks to Buy for 2023, According to an Analyst",https://finance.yahoo.com/m/391a6ba1-acb2-38c8-a1f4-31c36715f292/amd%2C-nvidia%2C-and-2-more-chip.html,finance.yahoo,
2023-01-25 14:30:00,How Virtual Reality for Teachers Can Improve Quality of Education,https://finance.yahoo.com/news/virtual-reality-teachers-improve-quality-193000578.html,finance.yahoo,
2023-01-25 10:05:00,"A New Bull Market Might Have Just Begun. Are Nvidia, AMD, and Qualcomm Stocks a Buy Now?",https://finance.yahoo.com/m/ebd6cc43-a5a1-3d70-839d-537c7b98c45f/a-new-bull-market-might-have.html,finance.yahoo,
2023-01-25 06:30:00,"Apple's Chip Strategy Is Great News for Shareholders, Bad News for Skyworks, Broadcom, and Qualcomm",https://finance.yahoo.com/m/b061d3b4-bfae-317f-90ba-7ea7e4094823/apple%27s-chip-strategy-is.html,finance.yahoo,
2023-01-24 17:45:00,Qualcomm (QCOM) Dips More Than Broader Markets: What You Should Know,https://finance.yahoo.com/news/qualcomm-qcom-dips-more-broader-224510966.html,finance.yahoo,
2023-01-24 14:46:00,What's Going On With Chip Stocks?,https://finance.yahoo.com/news/whats-going-chip-stocks-194607896.html,finance.yahoo,
2023-01-24 14:40:00,Nguyen Thi Kim Thoas Story: Growing a Sustainable Farming Industry in Vietnam,https://finance.yahoo.com/news/nguyen-thi-kim-thoa-story-194000521.html,finance.yahoo,
2023-01-24 07:30:00,"Why AMD, Qualcomm, and Nvidia Stocks Jump on Monday",https://finance.yahoo.com/m/f291246e-8a6b-37be-9b57-71bcbf451250/why-amd%2C-qualcomm%2C-and-nvidia.html,finance.yahoo,
2023-01-23 16:40:00,"Stocks moving in after hours: Microsoft, Salesforce, AMD, Qualcomm, Nvidia",https://finance.yahoo.com/video/stocks-moving-hours-microsoft-salesforce-214008213.html,finance.yahoo,
2023-01-23 14:15:00,How to Play Qualcomm's Improved Technical Picture,https://finance.yahoo.com/m/957664f5-4b92-3932-a1a1-2777b3917fb9/how-to-play-qualcomm%27s.html,finance.yahoo,
2023-01-23 12:33:00,"Why Qualcomm, Skyworks, and Nvidia Stocks Popped Today",https://finance.yahoo.com/m/bf9284ae-e134-3f56-8cd8-a1efdca35d40/why-qualcomm%2C-skyworks%2C-and.html,finance.yahoo,
2023-01-23 10:44:00,Chip Stocks Rally AfterÂ Barclays Says Worst for Sector Rout Over,https://finance.yahoo.com/news/chip-stocks-rally-barclays-says-154410102.html,finance.yahoo,
2023-01-23 10:21:00,"AMD can keep eating Intels lunch, Barclays says as stock surges",https://finance.yahoo.com/m/bd8b49b1-9cbe-3a76-a7b4-7571633ad02e/amd-can-keep-eating-intel%E2%80%99s.html,finance.yahoo,
2023-01-23 09:39:00,"Barclays positive on AMD and Qualcomm, downgrades Applied Materials",https://finance.yahoo.com/video/barclays-positive-amd-qualcomm-downgrades-143930915.html,finance.yahoo,
2023-01-23 09:15:00,"Got $5,000? Buy and Hold These 3 Value Stocks for Years",https://finance.yahoo.com/m/55b0eb95-db51-3c1e-ac5e-14572f709087/got-%245%2C000%3F-buy-and-hold.html,finance.yahoo,
2023-01-23 07:55:00,"Good News for Nvidia, AMD, and QualcommBarclays Is Bullish on Chips Again",https://finance.yahoo.com/m/e0618188-5d8d-3848-929d-bbda73481ce4/good-news-for-nvidia%2C-amd%2C.html,finance.yahoo,
2023-01-22 10:30:00,Bearish Bets: 3 Nasdaq Giants You Should Think About Shorting This Week,https://finance.yahoo.com/m/939b207c-8340-362f-b604-37b36cd36c35/bearish-bets%3A-3-nasdaq-giants.html,finance.yahoo,
2023-01-20 11:04:00,"Value Investor Likes Qualcomm, Other Stocks",https://finance.yahoo.com/m/ffb8b24d-0c46-30a6-be02-5d686311b834/value-investor-likes.html,finance.yahoo,
2023-01-20 10:20:00,5G Technology Is Key to Closing the Digital Divide: Qualcomm Report,https://finance.yahoo.com/news/5g-technology-key-closing-digital-152000355.html,finance.yahoo,
2023-01-20 09:00:00,Qualcomm Schedules First Quarter Fiscal 2023 Earnings Release and Conference Call,https://finance.yahoo.com/news/qualcomm-schedules-first-quarter-fiscal-140000266.html,finance.yahoo,
2023-01-19 11:10:00,Davos 2023: Qualcomm CSO Angela Baker Shares Her WEF Hopes,https://finance.yahoo.com/news/davos-2023-qualcomm-cso-angela-161000340.html,finance.yahoo,
2023-01-18 17:45:00,Qualcomm (QCOM) Gains As Market Dips: What You Should Know,https://finance.yahoo.com/news/qualcomm-qcom-gains-market-dips-224510813.html,finance.yahoo,
2023-01-18 17:23:00,Why Qualcomm Stock Defied Gravity Today,https://finance.yahoo.com/m/ae7a12f2-571b-3dd8-aaa5-7bc0ddc5484c/why-qualcomm-stock-defied.html,finance.yahoo,
2023-01-18 16:30:00,Why We Need To Prioritize Digital Transformation  Even in a Downturn,https://finance.yahoo.com/news/why-prioritize-digital-transformation-even-213000702.html,finance.yahoo,
2023-01-18 14:30:00,Apple wants to control everything from its chips to screens,https://finance.yahoo.com/news/apple-wants-to-control-everything-from-its-chips-to-screens-193041594.html,finance.yahoo,
2023-01-18 12:01:00,"Get Ready, Tech Investors: Intel and Qualcomm Could Give Gloomy Outlooks",https://finance.yahoo.com/m/4db6e9d4-8223-3d82-be42-51dd9f7695a3/get-ready%2C-tech-investors%3A.html,finance.yahoo,
2023-01-18 10:23:00,This Stock Is a Screaming Bargain That You Won't Regret Buying Hand Over Fist for the Long Run,https://finance.yahoo.com/m/63b424e2-aa89-360e-b2b7-08b2b1266a14/this-stock-is-a-screaming.html,finance.yahoo,
2023-01-18 09:30:00,Wall Street Bulls Look Optimistic About Qualcomm (QCOM): Should You Buy?,https://finance.yahoo.com/news/wall-street-bulls-look-optimistic-143002404.html,finance.yahoo,
2023-01-18 09:00:00,QUALCOMM Incorporated (QCOM) Is a Trending Stock: Facts to Know Before Betting on It,https://finance.yahoo.com/news/qualcomm-incorporated-qcom-trending-stock-140002656.html,finance.yahoo,
2023-01-18 09:00:00,Qualcomm Announces Quarterly Cash Dividend,https://finance.yahoo.com/news/qualcomm-announces-quarterly-cash-dividend-140000280.html,finance.yahoo,
2023-01-17 17:15:00,Why 5G Fixed Wireless Access Is Integral to Bridging the Digital Divide,https://finance.yahoo.com/news/why-5g-fixed-wireless-access-221500113.html,finance.yahoo,
2023-01-16 11:05:00,Qualcomm: A Rare Technology Value Play,https://finance.yahoo.com/m/fb01df4b-0dc5-3b58-b313-211a39977505/qualcomm%3A-a-rare-technology.html,finance.yahoo,
2023-01-16 07:01:00,Will QUALCOMM Incorporated (QCOM) Recover From the Current Scenario?,https://finance.yahoo.com/news/qualcomm-incorporated-qcom-recover-current-120158137.html,finance.yahoo,
2023-01-15 10:23:00,Davos 2023: What we're watching on the ground at the World Economic Forum,https://finance.yahoo.com/news/davos-2023-what-were-watching-on-the-ground-at-the-world-economic-forum-152300122.html,finance.yahoo,
2023-01-15 10:00:00,25 Biggest California Companies and Stocks,https://finance.yahoo.com/news/25-biggest-california-companies-stocks-150011710.html,finance.yahoo,
2023-01-15 09:34:00,"Despite Semiconductor Industry Slowdown, Qualcomm Management Confident in Higher Selling Prices",https://finance.yahoo.com/m/6493587c-d1fc-3cfa-b0a3-43e005e17fa2/despite-semiconductor.html,finance.yahoo,
2023-01-15 07:27:00,Better Buy: Intel Stock vs. Qualcomm Stock,https://finance.yahoo.com/m/b04e7fef-e359-3d9d-aca1-c99cd0815285/better-buy%3A-intel-stock-vs..html,finance.yahoo,
2023-01-15 06:17:00,"Down 39.9% in 2022, Is Qualcomm Stock a Buy Right Now?",https://finance.yahoo.com/m/e848b44f-9b29-3d76-8e36-1bf2c3ea4535/down-39.9%25-in-2022%2C-is.html,,finance.yahoo
2023-01-14 06:45:00,What's Going on With Qualcomm Stock?,https://finance.yahoo.com/m/5154ba09-f700-3afd-84e8-ba0b2517f2a8/what%27s-going-on-with-qualcomm.html,,finance.yahoo
2023-01-13 17:00:00,Qualcomm Continues to Hover Near Its 52-Week Low. Is Now the Time to Buy?,https://finance.yahoo.com/m/b8d26bd8-7c48-349c-ad54-6e36edb7b64b/qualcomm-continues-to-hover.html,,finance.yahoo
2023-01-13 10:10:00,Techs Take On Apple And The Real World With Augmented Reality,https://finance.yahoo.com/m/5260268a-435a-3077-87ef-ec17326fa9ba/techs-take-on-apple-and-the.html,,finance.yahoo
2023-01-12 12:23:00,Apples supply chain bet,https://finance.yahoo.com/m/c1050c96-4630-3882-89d6-9b0139ed08d9/apple%E2%80%99s-supply-chain-bet.html,,finance.yahoo
2023-01-11 17:45:00,Qualcomm (QCOM) Gains But Lags Market: What You Should Know,https://finance.yahoo.com/news/qualcomm-qcom-gains-lags-market-224510437.html,,finance.yahoo
2023-01-11 13:51:00,"Down 37% in This Bear Market, Can Qualcomm Recover in 2023?",https://finance.yahoo.com/m/693da745-45ea-32b0-bede-8a8d172662f6/down-37%25-in-this-bear-market%2C.html,,finance.yahoo
2023-01-11 13:01:00,"7 Stocks to Buy for the $100,000 Portfolio",https://finance.yahoo.com/news/7-stocks-buy-100-000-180144067.html,,finance.yahoo
2023-01-11 11:50:00,"Apple to ditch Broadcom, Qualcomm for in-house chip development: Reports",https://finance.yahoo.com/video/apple-ditch-broadcom-qualcomm-house-165047333.html,,finance.yahoo
2023-01-11 11:15:00,"Three Leading Universities in Spain Collaborate With Qualcomm Technologies, Inc. To Offer Their Students World Premium 5G Training & Certification",https://finance.yahoo.com/news/three-leading-universities-spain-collaborate-161500226.html,,finance.yahoo
