Ticker,SEC Form 4 Link,Owner,Relationship,Date,Transaction,Cost,#Shares,Value ($),#Shares Total,SEC Form 4
XM,http://www.sec.gov/Archives/edgar/data/1747748/000156218023001365/xslF345X03/primarydocument.xml,Stucki Brian,See Remarks,2023-02-09 00:00:00,Sale,16.21,4350.0,70518.0,450557.0,Feb 13 09:58 PM
XM,http://www.sec.gov/Archives/edgar/data/1747748/000156218023001364/xslF345X03/primarydocument.xml,Brightful De'Porres,See Remarks,2023-02-09 00:00:00,Sale,16.21,2822.0,45747.0,482380.0,Feb 13 09:55 PM
XM,http://www.sec.gov/Archives/edgar/data/1747748/000156218023001363/xslF345X03/primarydocument.xml,Smith Ryan S,Founder and Executive Chair,2023-02-09 00:00:00,Sale,16.21,198072.0,3210945.0,12205567.0,Feb 13 09:55 PM
XM,http://www.sec.gov/Archives/edgar/data/1747748/000156218023001362/xslF345X03/primarydocument.xml,Serafin Zig,Chief Executive Officer,2023-02-09 00:00:00,Sale,16.21,184643.0,2993248.0,11574430.0,Feb 13 09:55 PM
XM,http://www.sec.gov/Archives/edgar/data/1747748/000156218023001361/xslF345X03/primarydocument.xml,Beckstead Chris,President,2023-02-09 00:00:00,Sale,16.21,91544.0,1484020.0,5241430.0,Feb 13 09:55 PM
XM,http://www.sec.gov/Archives/edgar/data/1747748/000156218023001360/xslF345X03/primarydocument.xml,Bachman Robert W,Chief Financial Officer,2023-02-09 00:00:00,Sale,16.21,6808.0,110364.0,566282.0,Feb 13 09:55 PM
XM,http://www.sec.gov/Archives/edgar/data/1747748/000156218023001359/xslF345X03/primarydocument.xml,Anderson Brad R.,"President, Products & Services",2023-02-09 00:00:00,Sale,16.21,5862.0,95029.0,475329.0,Feb 13 09:54 PM
ENZ,http://www.sec.gov/Archives/edgar/data/316253/000129092923000008/xslF345X03/primary_doc.xml,Wolf James G.,10% owner until 2/13/2023,2023-02-10 00:00:00,Buy,1.29,5000.0,6450.0,4095000.0,Feb 13 09:41 PM
ENZ,http://www.sec.gov/Archives/edgar/data/316253/000129092923000008/xslF345X03/primary_doc.xml,Wolf James G.,10% owner until 2/13/2023,2023-02-13 00:00:00,Buy,1.28,5000.0,6425.0,4100000.0,Feb 13 09:41 PM
TYRA,http://www.sec.gov/Archives/edgar/data/1465914/000089534523000107/xslF345X03/form4.xml,"MVA Investors, LLC",10% Owner,2023-02-09 00:00:00,Sale,13.1,200000.0,2620000.0,88095.0,Feb 13 09:39 PM
TYRA,http://www.sec.gov/Archives/edgar/data/1465914/000089534523000107/xslF345X03/form4.xml,"MVA Investors, LLC",10% Owner,2023-02-10 00:00:00,Sale,13.4,65568.0,878611.0,22527.0,Feb 13 09:39 PM
NVEE,http://www.sec.gov/Archives/edgar/data/1078734/000143774923003216/xslF345X03/rdgdoc.xml,WRIGHT DICKERSON,Chairman and CEO,2023-02-09 00:00:00,Sale,132.23,10000.0,1322285.0,506229.0,Feb 13 09:22 PM
NVEE,http://www.sec.gov/Archives/edgar/data/1078734/000143774923003216/xslF345X03/rdgdoc.xml,WRIGHT DICKERSON,Chairman and CEO,2023-02-10 00:00:00,Sale,126.96,20000.0,2539159.0,486229.0,Feb 13 09:22 PM
NVEE,http://www.sec.gov/Archives/edgar/data/1078734/000143774923003216/xslF345X03/rdgdoc.xml,WRIGHT DICKERSON,Chairman and CEO,2023-02-13 00:00:00,Sale,128.25,10000.0,1282546.0,476229.0,Feb 13 09:22 PM
DOW,http://www.sec.gov/Archives/edgar/data/1514396/000175178823000046/xslF345X03/wf-form4_167634067288778.xml,Ungerleider Howard I,President and CFO,2023-02-09 00:00:00,Option Exercise,47.31,94998.0,4494355.0,288419.0,Feb 13 09:11 PM
VIR,http://www.sec.gov/Archives/edgar/data/1706431/000089924323004850/xslF345X03/doc4.xml,SVF Endurance (Cayman) Ltd,10% Owner,2023-02-09 00:00:00,Sale,26.38,137050.0,3615729.0,18648557.0,Feb 13 09:00 PM
VIR,http://www.sec.gov/Archives/edgar/data/1706431/000089924323004850/xslF345X03/doc4.xml,SVF Endurance (Cayman) Ltd,10% Owner,2023-02-10 00:00:00,Sale,26.13,97221.0,2540300.0,18551336.0,Feb 13 09:00 PM
PD,http://www.sec.gov/Archives/edgar/data/1568100/000156218023001351/xslF345X03/primarydocument.xml,Tejada Jennifer,Chief Executive Officer,2023-02-09 00:00:00,Option Exercise,2.0,75000.0,150000.0,677610.0,Feb 13 08:43 PM
PD,http://www.sec.gov/Archives/edgar/data/1568100/000156218023001351/xslF345X03/primarydocument.xml,Tejada Jennifer,Chief Executive Officer,2023-02-09 00:00:00,Sale,30.54,75000.0,2290520.0,602610.0,Feb 13 08:43 PM
MC,http://www.sec.gov/Archives/edgar/data/1596967/000120919123008945/xslF345X03/doc4.xml,Callesano Christopher,Principal Accounting Officer,2023-02-13 00:00:00,Sale,46.92,1155.0,54193.0,0.0,Feb 13 08:37 PM
MC,http://www.sec.gov/Archives/edgar/data/1596967/000120919123008943/xslF345X03/doc4.xml,RAICH JEFFREY,"Co-President, MD",2023-02-09 00:00:00,Sale,45.3,42637.0,1931456.0,55257.0,Feb 13 08:34 PM
MC,http://www.sec.gov/Archives/edgar/data/1596967/000120919123008943/xslF345X03/doc4.xml,RAICH JEFFREY,"Co-President, MD",2023-02-10 00:00:00,Sale,44.58,38074.0,1697216.0,17183.0,Feb 13 08:34 PM
MC,http://www.sec.gov/Archives/edgar/data/1596967/000120919123008943/xslF345X03/doc4.xml,RAICH JEFFREY,"Co-President, MD",2023-02-13 00:00:00,Sale,45.08,17183.0,774610.0,0.0,Feb 13 08:34 PM
WYNN,http://www.sec.gov/Archives/edgar/data/1174922/000117492223000032/xslF345X03/wf-form4_167633836688148.xml,Whittemore Ellen F,EVP and General Counsel,2023-02-10 00:00:00,Option Exercise,58.85,10383.0,611040.0,81725.0,Feb 13 08:33 PM
WYNN,http://www.sec.gov/Archives/edgar/data/1174922/000117492223000032/xslF345X03/wf-form4_167633836688148.xml,Whittemore Ellen F,EVP and General Counsel,2023-02-10 00:00:00,Sale,109.48,10383.0,1136731.0,71342.0,Feb 13 08:33 PM
FRSH,http://www.sec.gov/Archives/edgar/data/1544522/000120919123008933/xslF345X03/doc4.xml,Taylor Jennifer H,Director,2023-02-10 00:00:00,Sale,15.77,4685.0,73882.0,17190.0,Feb 13 08:21 PM
OPEN,http://www.sec.gov/Archives/edgar/data/1801169/000180116923000016/xslF345X03/wf-form4_167633756631503.xml,Wu Eric Chung-Wei,Director,2023-02-10 00:00:00,Sale,1.92,100000.0,191930.0,30732093.0,Feb 13 08:19 PM
FRSH,http://www.sec.gov/Archives/edgar/data/1511194/000120919123008926/xslF345X03/doc4.xml,PADGETT BARRY L.,Director,2023-02-09 00:00:00,Sale,16.26,6559.0,106658.0,16428.0,Feb 13 08:17 PM
TDG,http://www.sec.gov/Archives/edgar/data/1234544/000091957423001314/xslF345X03/ownership.xml,SMALL ROBERT J,Director,2023-02-10 00:00:00,Sale,739.63,4555.0,3369000.0,198878.0,Feb 13 08:13 PM
TDG,http://www.sec.gov/Archives/edgar/data/1234544/000091957423001314/xslF345X03/ownership.xml,SMALL ROBERT J,Director,2023-02-13 00:00:00,Sale,736.22,147074.0,108278624.0,194689.0,Feb 13 08:13 PM
FRSH,http://www.sec.gov/Archives/edgar/data/1544522/000120919123008923/xslF345X03/doc4.xml,Mathrubootham Rathnagirish,Chief Executive Officer,2023-02-09 00:00:00,Sale,16.1,285783.0,4602421.0,0.0,Feb 13 08:13 PM
FRSH,http://www.sec.gov/Archives/edgar/data/1544522/000120919123008923/xslF345X03/doc4.xml,Mathrubootham Rathnagirish,Chief Executive Officer,2023-02-10 00:00:00,Sale,15.76,285783.0,4503940.0,0.0,Feb 13 08:13 PM
FRSH,http://www.sec.gov/Archives/edgar/data/1544522/000120919123008923/xslF345X03/doc4.xml,Mathrubootham Rathnagirish,Chief Executive Officer,2023-02-13 00:00:00,Sale,15.98,285783.0,4566812.0,0.0,Feb 13 08:13 PM
TDG,http://www.sec.gov/Archives/edgar/data/1234544/000091957423001312/xslF345X03/ownership.xml,SMALL ROBERT J,Director,2023-02-09 00:00:00,Sale,756.04,71340.0,53936157.0,205428.0,Feb 13 08:08 PM
TDG,http://www.sec.gov/Archives/edgar/data/1234544/000091957423001312/xslF345X03/ownership.xml,SMALL ROBERT J,Director,2023-02-10 00:00:00,Sale,732.43,183438.0,134354913.0,199037.0,Feb 13 08:08 PM
FRSH,http://www.sec.gov/Archives/edgar/data/1073342/000120919123008920/xslF345X03/doc4.xml,NELSON ZACHARY,Director,2023-02-09 00:00:00,Sale,16.21,19347.0,313689.0,15506.0,Feb 13 08:07 PM
ENTA,http://www.sec.gov/Archives/edgar/data/1177648/000106299323002936/xslF345X03/form4.xml,MELLETT PAUL J,Treasurer and CFO,2023-02-09 00:00:00,Sale,53.76,5000.0,268816.0,83463.0,Feb 13 07:58 PM
FRSH,http://www.sec.gov/Archives/edgar/data/1544522/000120919123008902/xslF345X03/doc4.xml,Flower Johanna,Director,2023-02-10 00:00:00,Sale,15.77,4700.0,74119.0,17506.0,Feb 13 07:51 PM
POWI,http://www.sec.gov/Archives/edgar/data/833640/000083364023000067/xslF345X03/edgardoc.xml,Barsan Radu,"VP of Technology, Engineering",2023-02-09 00:00:00,Sale,83.44,2197.0,183323.0,48581.0,Feb 13 07:42 PM
MPWR,http://www.sec.gov/Archives/edgar/data/1280452/000121465923002179/xslF345X03/marketforms-59462.xml,BLEGEN THEODORE,CFO,2023-02-13 00:00:00,Sale,492.31,1373.0,675942.0,136995.0,Feb 13 07:37 PM
MPWR,http://www.sec.gov/Archives/edgar/data/1280452/000121465923002178/xslF345X03/marketforms-59463.xml,Hsing Michael,CEO,2023-02-13 00:00:00,Sale,492.31,6333.0,3117799.0,1061116.0,Feb 13 07:37 PM
MPWR,http://www.sec.gov/Archives/edgar/data/1280452/000121465923002177/xslF345X03/marketforms-59466.xml,Sciammas Maurice,Sr. V.P.of Sales and Marketing,2023-02-13 00:00:00,Sale,492.31,1639.0,806896.0,218312.0,Feb 13 07:36 PM
MPWR,http://www.sec.gov/Archives/edgar/data/1280452/000121465923002176/xslF345X03/marketforms-59465.xml,Xiao Deming,Pres. of MPS Asia Operations,2023-02-13 00:00:00,Sale,492.31,1639.0,806896.0,275004.0,Feb 13 07:36 PM
MPWR,http://www.sec.gov/Archives/edgar/data/1280452/000121465923002175/xslF345X03/marketforms-59464.xml,Tseng Saria,VP & General Counsel,2023-02-13 00:00:00,Sale,492.31,1639.0,806896.0,274360.0,Feb 13 07:36 PM
DAN,http://www.sec.gov/Archives/edgar/data/26780/000122520823001822/xslF345X03/doc4.xml,Valencia Antonio,Pres. Power Technologies Group,2023-02-09 00:00:00,Option Exercise,0.0,6105.0,0.0,6105.0,Feb 13 07:32 PM
DAN,http://www.sec.gov/Archives/edgar/data/26780/000122520823001822/xslF345X03/doc4.xml,Valencia Antonio,Pres. Power Technologies Group,2023-02-10 00:00:00,Option Exercise,0.0,16582.0,0.0,16582.0,Feb 13 07:32 PM
DAN,http://www.sec.gov/Archives/edgar/data/26780/000122520823001821/xslF345X03/doc4.xml,Liedberg Douglas H,"SVP, General Counsel and Secty",2023-02-09 00:00:00,Option Exercise,0.0,7698.0,0.0,62676.0,Feb 13 07:32 PM
DAN,http://www.sec.gov/Archives/edgar/data/26780/000122520823001821/xslF345X03/doc4.xml,Liedberg Douglas H,"SVP, General Counsel and Secty",2023-02-10 00:00:00,Option Exercise,0.0,35966.0,0.0,94917.0,Feb 13 07:32 PM
DAN,http://www.sec.gov/Archives/edgar/data/26780/000122520823001820/xslF345X03/doc4.xml,Kraus Timothy R,SVP &  Chief Financial Officer,2023-02-09 00:00:00,Option Exercise,0.0,2579.0,0.0,14174.0,Feb 13 07:32 PM
DAN,http://www.sec.gov/Archives/edgar/data/26780/000122520823001820/xslF345X03/doc4.xml,Kraus Timothy R,SVP &  Chief Financial Officer,2023-02-10 00:00:00,Option Exercise,0.0,12050.0,0.0,24962.0,Feb 13 07:32 PM
DAN,http://www.sec.gov/Archives/edgar/data/26780/000122520823001819/xslF345X03/doc4.xml,Kellett James D,VP & Chief Accounting Officer,2023-02-09 00:00:00,Option Exercise,0.0,1975.0,0.0,13642.0,Feb 13 07:32 PM
DAN,http://www.sec.gov/Archives/edgar/data/26780/000122520823001819/xslF345X03/doc4.xml,Kellett James D,VP & Chief Accounting Officer,2023-02-10 00:00:00,Option Exercise,0.0,9246.0,0.0,22203.0,Feb 13 07:32 PM
DAN,http://www.sec.gov/Archives/edgar/data/26780/000122520823001818/xslF345X03/doc4.xml,Kamsickas James Kevin,Chairman & CEO,2023-02-09 00:00:00,Option Exercise,0.0,52721.0,0.0,407449.0,Feb 13 07:32 PM
DAN,http://www.sec.gov/Archives/edgar/data/26780/000122520823001818/xslF345X03/doc4.xml,Kamsickas James Kevin,Chairman & CEO,2023-02-10 00:00:00,Option Exercise,0.0,234592.0,0.0,618447.0,Feb 13 07:32 PM
DAN,http://www.sec.gov/Archives/edgar/data/26780/000122520823001817/xslF345X03/doc4.xml,Aghili Aziz,EVP &Pres Off-Hwy Technologies,2023-02-09 00:00:00,Option Exercise,0.0,9950.0,0.0,13051.0,Feb 13 07:32 PM
DAN,http://www.sec.gov/Archives/edgar/data/26780/000122520823001817/xslF345X03/doc4.xml,Aghili Aziz,EVP &Pres Off-Hwy Technologies,2023-02-10 00:00:00,Option Exercise,0.0,45017.0,0.0,53944.0,Feb 13 07:32 PM
CDW,http://www.sec.gov/Archives/edgar/data/1243083/000140205723000015/xslF345X03/wf-form4_167633407388814.xml,ZARCONE DONNA F,Director,2023-02-09 00:00:00,Sale,203.23,4703.0,955791.0,18058.0,Feb 13 07:21 PM
EVOP,http://www.sec.gov/Archives/edgar/data/1676073/000141588923002375/xslF345X03/form4-02142023_120242.xml,Radesca Anthony J.,"SVP, CHIEF ACCOUNTING OFFICER",2023-02-11 00:00:00,Option Exercise,0.0,1144.0,0.0,4301.0,Feb 13 07:15 PM
DNLI,http://www.sec.gov/Archives/edgar/data/1714899/000171489923000023/xslF345X03/wf-form4_167633361457163.xml,Watts Ryan J.,President and CEO,2023-02-10 00:00:00,Option Exercise,0.68,25000.0,17000.0,2254031.0,Feb 13 07:14 PM
DNLI,http://www.sec.gov/Archives/edgar/data/1714899/000171489923000023/xslF345X03/wf-form4_167633361457163.xml,Watts Ryan J.,President and CEO,2023-02-10 00:00:00,Sale,29.1,25000.0,727500.0,2229031.0,Feb 13 07:14 PM
DNLI,http://www.sec.gov/Archives/edgar/data/1714899/000171489923000023/xslF345X03/wf-form4_167633361457163.xml,Watts Ryan J.,President and CEO,2023-02-09 00:00:00,Sale,30.59,3433.0,105015.0,2229031.0,Feb 13 07:14 PM
BLFS,http://www.sec.gov/Archives/edgar/data/834365/000143774923003208/xslF345X03/rdgdoc.xml,Mathew Aby J.,EVP & Chief Scientific Officer,2023-02-09 00:00:00,Sale,24.6,78.0,1919.0,273687.0,Feb 13 07:01 PM
BLFS,http://www.sec.gov/Archives/edgar/data/834365/000143774923003207/xslF345X03/rdgdoc.xml,Foster Karen A.,Chief Quality Officer,2023-02-09 00:00:00,Sale,24.6,81.0,1993.0,124708.0,Feb 13 07:01 PM
BLFS,http://www.sec.gov/Archives/edgar/data/834365/000143774923003206/xslF345X03/rdgdoc.xml,Schulz Marcus,Chief Revenue Officer,2023-02-09 00:00:00,Sale,24.6,56.0,1378.0,43381.0,Feb 13 07:01 PM
AZYO,http://www.sec.gov/Archives/edgar/data/1377832/000110465923019991/xslF345X03/tm236492-1_4seq1.xml,"Birchview Capital, LP",10% Owner,2023-05-11 00:00:00,Buy,5.96,200.0,1192.0,1418123.0,Feb 13 07:01 PM
AZYO,http://www.sec.gov/Archives/edgar/data/1377832/000110465923019991/xslF345X03/tm236492-1_4seq1.xml,"Birchview Capital, LP",10% Owner,2022-12-01 00:00:00,Buy,4.75,40000.0,190000.0,1458123.0,Feb 13 07:01 PM
AZYO,http://www.sec.gov/Archives/edgar/data/1377832/000110465923019991/xslF345X03/tm236492-1_4seq1.xml,"Birchview Capital, LP",10% Owner,2022-12-07 00:00:00,Buy,3.58,44000.0,157520.0,1502123.0,Feb 13 07:01 PM
AZYO,http://www.sec.gov/Archives/edgar/data/1377832/000110465923019991/xslF345X03/tm236492-1_4seq1.xml,"Birchview Capital, LP",10% Owner,2022-12-08 00:00:00,Buy,3.79,13061.0,49518.0,1515184.0,Feb 13 07:01 PM
BLFS,http://www.sec.gov/Archives/edgar/data/834365/000143774923003205/xslF345X03/rdgdoc.xml,Rice Michael,CEO,2023-02-09 00:00:00,Sale,24.6,144.0,3542.0,456469.0,Feb 13 07:01 PM
CRVL,http://www.sec.gov/Archives/edgar/data/874866/000164124823000004/xslF345X03/edgardoc.xml,Combs Michael G,CEO & President,2023-02-09 00:00:00,Option Exercise,77.93,6400.0,498752.0,22062.0,Feb 13 07:01 PM
BLFS,http://www.sec.gov/Archives/edgar/data/834365/000143774923003204/xslF345X03/rdgdoc.xml,Aebersold Sarah,Chief Human Resources Officer,2023-02-09 00:00:00,Sale,24.6,55.0,1353.0,44112.0,Feb 13 07:00 PM
BLFS,http://www.sec.gov/Archives/edgar/data/834365/000143774923003203/xslF345X03/rdgdoc.xml,Berard Todd,Chief Marketing Officer,2023-02-09 00:00:00,Sale,24.6,58.0,1427.0,119207.0,Feb 13 07:00 PM
RMI,http://www.sec.gov/Archives/edgar/data/1662140/000139834423003076/xslF345X03/fp0082329-1_4.xml,O'Neill Stephen Andrew,Portfolio Manager,2023-02-10 00:00:00,Sale,18.42,21479.0,395562.0,0.0,Feb 13 06:56 PM
AGIL,http://www.sec.gov/Archives/edgar/data/1790625/000121390023010934/xslF345X03/ownership.xml,Fernandez Manuel Senderos,Chief Executive Officer,2023-02-09 00:00:00,Sale,4.5,1875.0,8438.0,4997472.0,Feb 13 06:53 PM
AGIL,http://www.sec.gov/Archives/edgar/data/1790625/000121390023010934/xslF345X03/ownership.xml,Fernandez Manuel Senderos,Chief Executive Officer,2023-02-10 00:00:00,Sale,4.5,568.0,2556.0,4996904.0,Feb 13 06:53 PM
RIG,http://www.sec.gov/Archives/edgar/data/1318251/000141588923002374/xslF345X03/form4-02132023_110233.xml,Tonnel David A,SVP - CHIEF ACCOUNTING OFFICER,2023-02-09 00:00:00,Option Exercise,0.0,268499.0,0.0,501898.0,Feb 13 06:48 PM
RIG,http://www.sec.gov/Archives/edgar/data/1451505/000141588923002372/xslF345X03/form4-02132023_110254.xml,Long Brady K,EVP & GENERAL COUNSEL,2023-02-09 00:00:00,Option Exercise,0.0,400746.0,0.0,910747.0,Feb 13 06:47 PM
RIG,http://www.sec.gov/Archives/edgar/data/1228413/000141588923002370/xslF345X03/form4-02132023_110203.xml,DAVIS HOWARD E,"EVP, CAO & CIO",2023-02-09 00:00:00,Option Exercise,0.0,430802.0,0.0,928258.0,Feb 13 06:45 PM
RIG,http://www.sec.gov/Archives/edgar/data/1451505/000141588923002368/xslF345X03/form4-02132023_110210.xml,Adamson Keelan,PRESIDENT AND COO,2023-02-09 00:00:00,Option Exercise,0.0,420784.0,0.0,541854.0,Feb 13 06:43 PM
RIG,http://www.sec.gov/Archives/edgar/data/1451505/000141588923002368/xslF345X03/form4-02132023_110210.xml,Adamson Keelan,PRESIDENT AND COO,2023-02-13 00:00:00,Sale,7.15,50026.0,357686.0,342549.0,Feb 13 06:43 PM
RIG,http://www.sec.gov/Archives/edgar/data/1451505/000141588923002366/xslF345X03/form4-02132023_110216.xml,Mey Mark-Anthony Lovell,EVP & CFO,2023-02-09 00:00:00,Option Exercise,0.0,541006.0,0.0,1363398.0,Feb 13 06:41 PM
RIG,http://www.sec.gov/Archives/edgar/data/1240666/000141588923002364/xslF345X03/form4-02132023_110220.xml,THIGPEN JEREMY D,CEO,2023-02-09 00:00:00,Option Exercise,0.0,1402610.0,0.0,3370489.0,Feb 13 06:39 PM
SYPR,http://www.sec.gov/Archives/edgar/data/864240/000120919123008869/xslF345X03/doc4.xml,DAVIS RICHARD L,Vice President and CFO,2023-02-09 00:00:00,Option Exercise,1.63,50000.0,81500.0,266496.0,Feb 13 06:35 PM
HLT,http://www.sec.gov/Archives/edgar/data/1402120/000158568923000039/xslF345X03/wf-form4_167633110441056.xml,Campbell Kristin Ann,See Remarks,2023-02-10 00:00:00,Option Exercise,85.68,32863.0,2815671.0,253900.0,Feb 13 06:32 PM
HLT,http://www.sec.gov/Archives/edgar/data/1402120/000158568923000039/xslF345X03/wf-form4_167633110441056.xml,Campbell Kristin Ann,See Remarks,2023-02-10 00:00:00,Sale,150.93,32863.0,4959947.0,221037.0,Feb 13 06:32 PM
DAWN,http://www.sec.gov/Archives/edgar/data/1845337/000120919123008862/xslF345X03/doc4.xml,Blackman Samuel C.,Chief Medical Officer,2023-02-10 00:00:00,Sale,20.07,10000.0,200659.0,1241710.0,Feb 13 06:28 PM
RXST,http://www.sec.gov/Archives/edgar/data/1111485/000120919123008849/xslF345X03/doc4.xml,Tammenoms Bakker Juliet,Director,2023-02-10 00:00:00,Buy,12.5,480000.0,6000000.0,980000.0,Feb 13 06:20 PM
SNA,http://www.sec.gov/Archives/edgar/data/91440/000112760223004984/xslF345X03/form4.xml,Pagliari Aldo John,Sr VP - Finance & CFO,2023-02-09 00:00:00,Option Exercise,109.43,10000.0,1094300.0,87541.0,Feb 13 06:18 PM
SNA,http://www.sec.gov/Archives/edgar/data/91440/000112760223004984/xslF345X03/form4.xml,Pagliari Aldo John,Sr VP - Finance & CFO,2023-02-09 00:00:00,Sale,251.9,7030.0,1770878.0,80511.0,Feb 13 06:18 PM
OSH,http://www.sec.gov/Archives/edgar/data/1564406/000120919123008836/xslF345X03/doc4.xml,PRICE GEOFFREY M,Chief Innovation Officer,2023-02-10 00:00:00,Option Exercise,21.0,7413.0,155673.0,3882276.0,Feb 13 06:10 PM
OSH,http://www.sec.gov/Archives/edgar/data/1564406/000120919123008836/xslF345X03/doc4.xml,PRICE GEOFFREY M,Chief Innovation Officer,2023-02-10 00:00:00,Sale,35.6,7413.0,263903.0,3874863.0,Feb 13 06:10 PM
MSFT,http://www.sec.gov/Archives/edgar/data/789019/000106299323002880/xslF345X03/form4.xml,Capossela Christopher C,"EVP, Chief Marketing Officer",2023-02-09 00:00:00,Sale,269.38,1000.0,269380.0,117362.0,Feb 13 06:07 PM
BLZE,http://www.sec.gov/Archives/edgar/data/1462056/000146205623000056/xslF345X03/wf-form4_167632937462049.xml,Ng Kwok Hang,10% Owner,2023-02-09 00:00:00,Sale,6.0,2000.0,12000.0,184000.0,Feb 13 06:03 PM
BLZE,http://www.sec.gov/Archives/edgar/data/1462056/000146205623000056/xslF345X03/wf-form4_167632937462049.xml,Ng Kwok Hang,10% Owner,2023-02-10 00:00:00,Sale,5.48,2000.0,10960.0,182000.0,Feb 13 06:03 PM
BLZE,http://www.sec.gov/Archives/edgar/data/1462056/000146205623000056/xslF345X03/wf-form4_167632937462049.xml,Ng Kwok Hang,10% Owner,2023-02-13 00:00:00,Sale,5.5,2000.0,11000.0,180000.0,Feb 13 06:03 PM
CDNA,http://www.sec.gov/Archives/edgar/data/1217234/000121723423000036/xslF345X03/wf-form4_167632936158649.xml,Seeto Reginald,See Remarks,2023-02-09 00:00:00,Sale,16.13,11094.0,178928.0,551940.0,Feb 13 06:02 PM
CDNA,http://www.sec.gov/Archives/edgar/data/1217234/000121723423000036/xslF345X03/wf-form4_167632936158649.xml,Seeto Reginald,See Remarks,2023-02-10 00:00:00,Sale,15.48,8488.0,131386.0,543452.0,Feb 13 06:02 PM
BLZE,http://www.sec.gov/Archives/edgar/data/1462056/000146205623000055/xslF345X03/wf-form4_167632935411539.xml,Nufire Timothy M,Director,2023-02-09 00:00:00,Sale,6.0,2000.0,12000.0,184000.0,Feb 13 06:02 PM
BLZE,http://www.sec.gov/Archives/edgar/data/1462056/000146205623000055/xslF345X03/wf-form4_167632935411539.xml,Nufire Timothy M,Director,2023-02-10 00:00:00,Sale,5.48,2000.0,10960.0,182000.0,Feb 13 06:02 PM
BLZE,http://www.sec.gov/Archives/edgar/data/1462056/000146205623000055/xslF345X03/wf-form4_167632935411539.xml,Nufire Timothy M,Director,2023-02-13 00:00:00,Sale,5.5,2000.0,11000.0,180000.0,Feb 13 06:02 PM
BLZE,http://www.sec.gov/Archives/edgar/data/1462056/000146205623000054/xslF345X03/wf-form4_167632933463732.xml,Budman Gleb,CEO and Chairperson,2023-02-09 00:00:00,Sale,6.0,2000.0,12000.0,184000.0,Feb 13 06:02 PM
BLZE,http://www.sec.gov/Archives/edgar/data/1462056/000146205623000054/xslF345X03/wf-form4_167632933463732.xml,Budman Gleb,CEO and Chairperson,2023-02-10 00:00:00,Sale,5.48,2000.0,10960.0,182000.0,Feb 13 06:02 PM
BLZE,http://www.sec.gov/Archives/edgar/data/1462056/000146205623000054/xslF345X03/wf-form4_167632933463732.xml,Budman Gleb,CEO and Chairperson,2023-02-13 00:00:00,Sale,5.5,2000.0,11000.0,180000.0,Feb 13 06:02 PM
BLZE,http://www.sec.gov/Archives/edgar/data/1462056/000146205623000053/xslF345X03/wf-form4_167632930840130.xml,Wilson Brian K,10% Owner,2023-02-09 00:00:00,Sale,6.0,2000.0,12000.0,184000.0,Feb 13 06:02 PM
BLZE,http://www.sec.gov/Archives/edgar/data/1462056/000146205623000053/xslF345X03/wf-form4_167632930840130.xml,Wilson Brian K,10% Owner,2023-02-10 00:00:00,Sale,5.48,2000.0,10960.0,182000.0,Feb 13 06:02 PM
BLZE,http://www.sec.gov/Archives/edgar/data/1462056/000146205623000053/xslF345X03/wf-form4_167632930840130.xml,Wilson Brian K,10% Owner,2023-02-13 00:00:00,Sale,5.5,2000.0,11000.0,180000.0,Feb 13 06:02 PM
BLZE,http://www.sec.gov/Archives/edgar/data/1462056/000146205623000052/xslF345X03/wf-form4_167632927518473.xml,Jones Charles J.,10% Owner,2023-02-09 00:00:00,Sale,6.0,2000.0,12000.0,184000.0,Feb 13 06:01 PM
BLZE,http://www.sec.gov/Archives/edgar/data/1462056/000146205623000052/xslF345X03/wf-form4_167632927518473.xml,Jones Charles J.,10% Owner,2023-02-10 00:00:00,Sale,5.48,2000.0,10960.0,182000.0,Feb 13 06:01 PM
BLZE,http://www.sec.gov/Archives/edgar/data/1462056/000146205623000052/xslF345X03/wf-form4_167632927518473.xml,Jones Charles J.,10% Owner,2023-02-13 00:00:00,Sale,5.5,2000.0,11000.0,180000.0,Feb 13 06:01 PM
OSH,http://www.sec.gov/Archives/edgar/data/1564406/000120919123008832/xslF345X03/doc4.xml,GUENTHNER ROBERT,Chief Legal Officer,2023-02-09 00:00:00,Sale,35.26,8250.0,290887.0,451777.0,Feb 13 06:00 PM
GNTY,http://www.sec.gov/Archives/edgar/data/1058867/000120919123008831/xslF345X03/doc4.xml,Lower Harold E. II,EVP - Guaranty Bank & Trust,2022-09-02 00:00:00,Option Exercise,21.82,8800.0,192016.0,18150.0,Feb 13 06:00 PM
SON,http://www.sec.gov/Archives/edgar/data/91767/000122520823001806/xslF345X03/doc4.xml,Wood Adam,VP Paper&Ind Converted Prod,2023-02-09 00:00:00,Option Exercise,0.0,652.0,0.0,21091.0,Feb 13 05:59 PM
SON,http://www.sec.gov/Archives/edgar/data/91767/000122520823001806/xslF345X03/doc4.xml,Wood Adam,VP Paper&Ind Converted Prod,2023-02-10 00:00:00,Option Exercise,0.0,606.0,0.0,21390.0,Feb 13 05:59 PM
SON,http://www.sec.gov/Archives/edgar/data/91767/000122520823001806/xslF345X03/doc4.xml,Wood Adam,VP Paper&Ind Converted Prod,2023-02-12 00:00:00,Option Exercise,0.0,524.0,0.0,21629.0,Feb 13 05:59 PM
IT,http://www.sec.gov/Archives/edgar/data/749251/000112760223004976/xslF345X03/form4.xml,Allard Kenneth,EVP & CMO,2023-02-10 00:00:00,Option Exercise,0.0,2470.0,0.0,7137.0,Feb 13 05:54 PM
IT,http://www.sec.gov/Archives/edgar/data/749251/000112760223004975/xslF345X03/form4.xml,Beck Joseph P.,"EVP, Global Technology Sales",2023-02-10 00:00:00,Option Exercise,0.0,3100.0,0.0,14715.0,Feb 13 05:53 PM
IT,http://www.sec.gov/Archives/edgar/data/749251/000112760223004974/xslF345X03/form4.xml,Dawkins Alwyn,"EVP, Global Business Sales",2023-02-10 00:00:00,Option Exercise,0.0,3667.0,0.0,43579.0,Feb 13 05:52 PM
SON,http://www.sec.gov/Archives/edgar/data/91767/000122520823001801/xslF345X03/doc4.xml,WEEKS LISA K,Staff VP Investor Relations,2023-02-09 00:00:00,Option Exercise,0.0,768.0,0.0,768.0,Feb 13 05:52 PM
IT,http://www.sec.gov/Archives/edgar/data/749251/000112760223004973/xslF345X03/form4.xml,Diliberto Michael Patrick,"EVP, Chief Information Officer",2023-02-10 00:00:00,Option Exercise,0.0,3584.0,0.0,20162.0,Feb 13 05:51 PM
SON,http://www.sec.gov/Archives/edgar/data/91767/000122520823001800/xslF345X03/doc4.xml,Tomaszewski Jeffrey S,"Pres., Diversified Business",2023-02-09 00:00:00,Option Exercise,0.0,1844.0,0.0,9448.0,Feb 13 05:50 PM
SON,http://www.sec.gov/Archives/edgar/data/91767/000122520823001800/xslF345X03/doc4.xml,Tomaszewski Jeffrey S,"Pres., Diversified Business",2023-02-10 00:00:00,Option Exercise,0.0,1029.0,0.0,9720.0,Feb 13 05:50 PM
SON,http://www.sec.gov/Archives/edgar/data/91767/000122520823001800/xslF345X03/doc4.xml,Tomaszewski Jeffrey S,"Pres., Diversified Business",2023-02-12 00:00:00,Option Exercise,0.0,786.0,0.0,10084.0,Feb 13 05:50 PM
IT,http://www.sec.gov/Archives/edgar/data/749251/000112760223004972/xslF345X03/form4.xml,Genovese Yvonne,"EVP, Global Product Management",2023-02-10 00:00:00,Option Exercise,0.0,1938.0,0.0,3981.0,Feb 13 05:49 PM
IESC,http://www.sec.gov/Archives/edgar/data/1048268/000104826823000023/xslF345X03/wf-form4_167632849693349.xml,Petersen Alison M,VP & Chief Accounting Officer,2023-02-10 00:00:00,Option Exercise,7.21,1000.0,7210.0,13627.0,Feb 13 05:48 PM
IESC,http://www.sec.gov/Archives/edgar/data/1048268/000104826823000023/xslF345X03/wf-form4_167632849693349.xml,Petersen Alison M,VP & Chief Accounting Officer,2023-02-10 00:00:00,Sale,41.0,1000.0,41000.0,12627.0,Feb 13 05:48 PM
IT,http://www.sec.gov/Archives/edgar/data/749251/000112760223004971/xslF345X03/form4.xml,HALL EUGENE A,CEO,2023-02-10 00:00:00,Option Exercise,0.0,20939.0,0.0,1169220.0,Feb 13 05:48 PM
IT,http://www.sec.gov/Archives/edgar/data/749251/000112760223004970/xslF345X03/form4.xml,Hensel Scott,EVP Global Services & Delivery,2023-02-10 00:00:00,Option Exercise,0.0,3667.0,0.0,16552.0,Feb 13 05:47 PM
CENQ,http://www.sec.gov/Archives/edgar/data/1841425/000121390023010899/xslF345X03/ownership.xml,Salinas Sada Benjamin Francisc,Director,2023-02-09 00:00:00,Buy,10.31,387973.0,4000002.0,387973.0,Feb 13 05:47 PM
EVCM,http://www.sec.gov/Archives/edgar/data/1853145/000114036123006417/xslF345X03/form4.xml,Jordan Sarah Michelle,Chief Marketing Officer,2023-02-09 00:00:00,Option Exercise,0.4,1886.0,754.0,90275.0,Feb 13 05:46 PM
IT,http://www.sec.gov/Archives/edgar/data/749251/000112760223004969/xslF345X03/form4.xml,Herkes Claire,"EVP, Conferences",2023-02-10 00:00:00,Option Exercise,0.0,1938.0,0.0,4936.0,Feb 13 05:46 PM
SON,http://www.sec.gov/Archives/edgar/data/91767/000122520823001799/xslF345X03/doc4.xml,Rhue Elizabeth J,VP Global Envir&Sustainability,2023-02-09 00:00:00,Option Exercise,0.0,230.0,0.0,230.0,Feb 13 05:46 PM
SON,http://www.sec.gov/Archives/edgar/data/91767/000122520823001799/xslF345X03/doc4.xml,Rhue Elizabeth J,VP Global Envir&Sustainability,2023-02-10 00:00:00,Option Exercise,0.0,143.0,0.0,289.0,Feb 13 05:46 PM
SON,http://www.sec.gov/Archives/edgar/data/91767/000122520823001799/xslF345X03/doc4.xml,Rhue Elizabeth J,VP Global Envir&Sustainability,2023-02-12 00:00:00,Option Exercise,0.0,26.0,0.0,263.0,Feb 13 05:46 PM
IT,http://www.sec.gov/Archives/edgar/data/749251/000112760223004968/xslF345X03/form4.xml,Jain Akhil,"EVP, Consulting",2023-02-10 00:00:00,Option Exercise,0.0,1938.0,0.0,3981.0,Feb 13 05:45 PM
GLYC,http://www.sec.gov/Archives/edgar/data/1053906/000089924323004819/xslF345X03/doc4.xml,"Invus Public Equities, L.P.",10% Owner,2023-02-09 00:00:00,Buy,3.24,11451.0,37123.0,6573798.0,Feb 13 05:45 PM
IT,http://www.sec.gov/Archives/edgar/data/749251/000112760223004967/xslF345X03/form4.xml,Kranich Robin B,EVP & CHRO,2023-02-10 00:00:00,Option Exercise,0.0,3667.0,0.0,16620.0,Feb 13 05:44 PM
SON,http://www.sec.gov/Archives/edgar/data/91767/000122520823001798/xslF345X03/doc4.xml,Lopiccolo Anne Marie,"VP, Global Human Resources",2023-02-09 00:00:00,Option Exercise,0.0,215.0,0.0,425.0,Feb 13 05:43 PM
SON,http://www.sec.gov/Archives/edgar/data/91767/000122520823001798/xslF345X03/doc4.xml,Lopiccolo Anne Marie,"VP, Global Human Resources",2023-02-10 00:00:00,Option Exercise,0.0,212.0,0.0,559.0,Feb 13 05:43 PM
SON,http://www.sec.gov/Archives/edgar/data/91767/000122520823001798/xslF345X03/doc4.xml,Lopiccolo Anne Marie,"VP, Global Human Resources",2023-02-12 00:00:00,Option Exercise,0.0,64.0,0.0,546.0,Feb 13 05:43 PM
IT,http://www.sec.gov/Archives/edgar/data/749251/000112760223004965/xslF345X03/form4.xml,Safian Craig,EVP & CFO,2023-02-10 00:00:00,Option Exercise,0.0,6076.0,0.0,68816.0,Feb 13 05:42 PM
SON,http://www.sec.gov/Archives/edgar/data/91767/000122520823001797/xslF345X03/doc4.xml,Haynes Ernest D III,Pres. Sonoco Metal Packaging,2023-02-09 00:00:00,Option Exercise,0.0,652.0,0.0,652.0,Feb 13 05:41 PM
SON,http://www.sec.gov/Archives/edgar/data/91767/000122520823001797/xslF345X03/doc4.xml,Haynes Ernest D III,Pres. Sonoco Metal Packaging,2023-02-10 00:00:00,Option Exercise,0.0,643.0,0.0,1059.0,Feb 13 05:41 PM
SON,http://www.sec.gov/Archives/edgar/data/91767/000122520823001797/xslF345X03/doc4.xml,Haynes Ernest D III,Pres. Sonoco Metal Packaging,2023-02-12 00:00:00,Option Exercise,0.0,419.0,0.0,1245.0,Feb 13 05:41 PM
IT,http://www.sec.gov/Archives/edgar/data/749251/000112760223004964/xslF345X03/form4.xml,Sribar Valentin,"EVP, Research & Advisory",2023-02-10 00:00:00,Option Exercise,0.0,485.0,0.0,12664.0,Feb 13 05:39 PM
ARCH,http://www.sec.gov/Archives/edgar/data/1037676/000120919123008827/xslF345X03/doc4.xml,Ziegler John A.,Sr. VP & Chief Admin Officer,2023-02-10 00:00:00,Sale,141.08,270.0,38092.0,16049.0,Feb 13 05:39 PM
APPN,http://www.sec.gov/Archives/edgar/data/1362771/000089924323004804/xslF345X03/doc4.xml,"Abdiel Capital Advisors, LP",10% Owner,2023-02-09 00:00:00,Buy,43.53,516.0,22461.0,10015510.0,Feb 13 05:38 PM
IT,http://www.sec.gov/Archives/edgar/data/749251/000112760223004963/xslF345X03/form4.xml,Wartinbee William James III,"SVP, Global Sales Strat & Ops",2023-02-10 00:00:00,Option Exercise,0.0,485.0,0.0,9123.0,Feb 13 05:38 PM
ARCH,http://www.sec.gov/Archives/edgar/data/1037676/000120919123008824/xslF345X03/doc4.xml,Slone Deck,Sr. VP - Strategy & Public Pol,2023-02-10 00:00:00,Sale,141.08,433.0,61088.0,13239.0,Feb 13 05:37 PM
SON,http://www.sec.gov/Archives/edgar/data/91767/000122520823001795/xslF345X03/doc4.xml,Harrell James A. III,Pres. Global Ind. Paper Pkg.,2023-02-09 00:00:00,Option Exercise,0.0,1844.0,0.0,22808.0,Feb 13 05:37 PM
SON,http://www.sec.gov/Archives/edgar/data/91767/000122520823001795/xslF345X03/doc4.xml,Harrell James A. III,Pres. Global Ind. Paper Pkg.,2023-02-10 00:00:00,Option Exercise,0.0,1029.0,0.0,23115.0,Feb 13 05:37 PM
SON,http://www.sec.gov/Archives/edgar/data/91767/000122520823001795/xslF345X03/doc4.xml,Harrell James A. III,Pres. Global Ind. Paper Pkg.,2023-02-12 00:00:00,Option Exercise,0.0,786.0,0.0,23498.0,Feb 13 05:37 PM
PPBI,http://www.sec.gov/Archives/edgar/data/1028918/000102891823000007/xslF345X03/wf-form4_167632779399162.xml,WILCOX EDWARD EARL,President & COO,2023-02-10 00:00:00,Sale,33.38,19000.0,634220.0,153782.0,Feb 13 05:36 PM
ARCH,http://www.sec.gov/Archives/edgar/data/1037676/000120919123008823/xslF345X03/doc4.xml,LORSON JOHN W,VP & Chief Acctg Officer,2023-02-10 00:00:00,Sale,141.08,33.0,4656.0,2321.0,Feb 13 05:35 PM
SYK,http://www.sec.gov/Archives/edgar/data/310764/000031076423000028/xslF345X03/wf-form4_167632771185070.xml,Menon Viju,Group President,2023-02-09 00:00:00,Sale,264.31,2161.0,571166.0,10611.0,Feb 13 05:35 PM
SSB,http://www.sec.gov/Archives/edgar/data/764038/000156218023001343/xslF345X03/primarydocument.xml,POLLOK JOHN C,Director,2023-02-10 00:00:00,Sale,79.26,2493.0,197595.0,34637.0,Feb 13 05:32 PM
SSB,http://www.sec.gov/Archives/edgar/data/764038/000156218023001343/xslF345X03/primarydocument.xml,POLLOK JOHN C,Director,2023-02-13 00:00:00,Sale,79.51,21452.0,1705649.0,13185.0,Feb 13 05:32 PM
SON,http://www.sec.gov/Archives/edgar/data/91767/000122520823001791/xslF345X03/doc4.xml,Grissett Russell K,Pres Global Flexible Packaging,2023-02-09 00:00:00,Option Exercise,0.0,652.0,0.0,5830.0,Feb 13 05:32 PM
SON,http://www.sec.gov/Archives/edgar/data/91767/000122520823001791/xslF345X03/doc4.xml,Grissett Russell K,Pres Global Flexible Packaging,2023-02-10 00:00:00,Option Exercise,0.0,643.0,0.0,6248.0,Feb 13 05:32 PM
SON,http://www.sec.gov/Archives/edgar/data/91767/000122520823001791/xslF345X03/doc4.xml,Grissett Russell K,Pres Global Flexible Packaging,2023-02-12 00:00:00,Option Exercise,0.0,419.0,0.0,6445.0,Feb 13 05:32 PM
UAL,http://www.sec.gov/Archives/edgar/data/100517/000010051723000044/xslF345X03/wf-form4_167632738576023.xml,KENNY CHRIS,Vice President & Controller,2023-02-10 00:00:00,Sale,48.94,16000.0,783070.0,8132.0,Feb 13 05:30 PM
ARCH,http://www.sec.gov/Archives/edgar/data/1037676/000120919123008820/xslF345X03/doc4.xml,Giljum Matthew C.,Sr. VP and CFO,2023-02-10 00:00:00,Sale,141.08,199.0,28075.0,12236.0,Feb 13 05:30 PM
SITM,http://www.sec.gov/Archives/edgar/data/1451809/000145180923000007/xslF345X03/primary_doc.xml,Frank Edward H.,Director,2023-02-09 00:00:00,Sale,127.93,8000.0,1023440.0,1000.0,Feb 13 05:29 PM
SON,http://www.sec.gov/Archives/edgar/data/91767/000122520823001787/xslF345X03/doc4.xml,Gandhi Aditya,CAO,2023-02-09 00:00:00,Option Exercise,0.0,461.0,0.0,461.0,Feb 13 05:29 PM
FVCB,http://www.sec.gov/Archives/edgar/data/1234934/000167564423000018/xslF345X03/primary_doc.xml,PIJOR DAVID W,Chairman/Chief Executive Offic,2023-02-09 00:00:00,Option Exercise,5.73,85447.0,489987.0,513722.0,Feb 13 05:28 PM
FLXS,http://www.sec.gov/Archives/edgar/data/37472/000112760223004961/xslF345X03/form4.xml,Newlin Timothy Patrick,VP-Strategic Business Dev,2023-02-09 00:00:00,Sale,20.0,2000.0,40000.0,27154.0,Feb 13 05:27 PM
FLXS,http://www.sec.gov/Archives/edgar/data/37472/000112760223004961/xslF345X03/form4.xml,Newlin Timothy Patrick,VP-Strategic Business Dev,2023-02-10 00:00:00,Sale,19.73,2000.0,39470.0,25154.0,Feb 13 05:27 PM
GM,http://www.sec.gov/Archives/edgar/data/1467858/000146785823000051/xslF345X03/wf-form4_167632716077591.xml,Johnson Gerald,Executive Vice President,2023-02-09 00:00:00,Sale,42.65,15743.0,671439.0,71209.0,Feb 13 05:26 PM
BFI,http://www.sec.gov/Archives/edgar/data/1723580/000114036123006409/xslF345X03/form4.xml,JOHN ROSATTI REVOCABLE TRUST,10% Owner,2023-02-10 00:00:00,Sale,1.62,5000.0,8106.0,3094340.0,Feb 13 05:26 PM
BFI,http://www.sec.gov/Archives/edgar/data/1723580/000114036123006409/xslF345X03/form4.xml,JOHN ROSATTI REVOCABLE TRUST,10% Owner,2023-02-13 00:00:00,Sale,1.61,5000.0,8058.0,3089340.0,Feb 13 05:26 PM
AGCO,http://www.sec.gov/Archives/edgar/data/880266/000120919123008818/xslF345X03/doc4.xml,Crain Robert B,"SVP, Customer Experience",2023-02-10 00:00:00,Option Exercise,68.02,15075.0,1025428.0,55242.0,Feb 13 05:26 PM
RBOT,http://www.sec.gov/Archives/edgar/data/1812173/000121390023010869/xslF345X03/ownership.xml,Liang Philip,Director,2023-02-10 00:00:00,Buy,3.06,60480.0,185008.0,222480.0,Feb 13 05:25 PM
ARCH,http://www.sec.gov/Archives/edgar/data/1037676/000120919123008816/xslF345X03/doc4.xml,Demzik Paul T.,Sr. VP-Chf Commercial Officer,2023-02-10 00:00:00,Sale,141.08,260.0,36681.0,1460.0,Feb 13 05:23 PM
SON,http://www.sec.gov/Archives/edgar/data/91767/000122520823001779/xslF345X03/doc4.xml,Fuller Rodger D,Chief Operating Officer,2023-02-09 00:00:00,Option Exercise,0.0,4550.0,0.0,80451.0,Feb 13 05:21 PM
SON,http://www.sec.gov/Archives/edgar/data/91767/000122520823001779/xslF345X03/doc4.xml,Fuller Rodger D,Chief Operating Officer,2023-02-10 00:00:00,Option Exercise,0.0,3772.0,0.0,82737.0,Feb 13 05:21 PM
SON,http://www.sec.gov/Archives/edgar/data/91767/000122520823001779/xslF345X03/doc4.xml,Fuller Rodger D,Chief Operating Officer,2023-02-12 00:00:00,Option Exercise,0.0,3142.0,0.0,84632.0,Feb 13 05:21 PM
PVL,http://www.sec.gov/Archives/edgar/data/1520048/000110465923019878/xslF345X03/tm232852-8_4seq1.xml,PERMIANVILLE HOLDINGS LLC,10% Owner,2023-02-09 00:00:00,Sale,3.0,3408.0,10226.0,7540366.0,Feb 13 05:17 PM
PVL,http://www.sec.gov/Archives/edgar/data/1520048/000110465923019878/xslF345X03/tm232852-8_4seq1.xml,PERMIANVILLE HOLDINGS LLC,10% Owner,2023-02-10 00:00:00,Sale,3.0,1500.0,4500.0,7538866.0,Feb 13 05:17 PM
PVL,http://www.sec.gov/Archives/edgar/data/1520048/000110465923019878/xslF345X03/tm232852-8_4seq1.xml,PERMIANVILLE HOLDINGS LLC,10% Owner,2023-02-13 00:00:00,Sale,3.0,7600.0,22801.0,7531266.0,Feb 13 05:17 PM
PTC,http://www.sec.gov/Archives/edgar/data/857005/000165495423001618/xslF345X03/section16.xml,Moret Blake D.,Director,2023-02-10 00:00:00,Sale,132.96,12000.0,1595462.0,7642238.0,Feb 13 05:16 PM
PTC,http://www.sec.gov/Archives/edgar/data/857005/000165495423001618/xslF345X03/section16.xml,Moret Blake D.,Director,2023-02-13 00:00:00,Sale,133.45,20000.0,2669063.0,7622238.0,Feb 13 05:16 PM
FVCB,http://www.sec.gov/Archives/edgar/data/1675644/000167564423000017/xslF345X03/primary_doc.xml,Laughlin Scott,Director,2023-02-13 00:00:00,Option Exercise,5.73,23437.0,134397.0,138857.0,Feb 13 05:15 PM
TELL,http://www.sec.gov/Archives/edgar/data/61398/000110465923019871/xslF345X03/tm236593-1_4seq1.xml,SOUKI CHARIF,Executive Chairman,2023-02-09 00:00:00,Sale,1.84,969219.0,1783363.0,23897226.0,Feb 13 05:14 PM
TELL,http://www.sec.gov/Archives/edgar/data/61398/000110465923019871/xslF345X03/tm236593-1_4seq1.xml,SOUKI CHARIF,Executive Chairman,2023-02-10 00:00:00,Sale,1.79,2147438.0,3843914.0,21749788.0,Feb 13 05:14 PM
SON,http://www.sec.gov/Archives/edgar/data/91767/000122520823001769/xslF345X03/doc4.xml,Florence John M,"VP, Gnl Council, Secy, CHRO",2023-02-12 00:00:00,Option Exercise,0.0,1288.0,0.0,11686.0,Feb 13 05:14 PM
PI,http://www.sec.gov/Archives/edgar/data/1114995/000120919123008799/xslF345X03/doc4.xml,MECKLAI HUSSEIN,Chief Operating Officer,2023-02-10 00:00:00,Option Exercise,26.76,2083.0,55736.0,24570.0,Feb 13 05:13 PM
PI,http://www.sec.gov/Archives/edgar/data/1114995/000120919123008799/xslF345X03/doc4.xml,MECKLAI HUSSEIN,Chief Operating Officer,2023-02-10 00:00:00,Sale,123.42,4147.0,511829.0,20423.0,Feb 13 05:13 PM
CR,http://www.sec.gov/Archives/edgar/data/25445/000002544523000064/xslF345X03/wf-form4_167632623376152.xml,Maue Richard A,Exec. V.P & CFO,2023-02-09 00:00:00,Option Exercise,82.46,26362.0,2173810.0,103546.0,Feb 13 05:10 PM
PI,http://www.sec.gov/Archives/edgar/data/1114995/000120919123008789/xslF345X03/doc4.xml,DOSSETT JEFFREY,Chief Revenue Officer,2023-02-10 00:00:00,Sale,122.26,3500.0,427910.0,43639.0,Feb 13 05:10 PM
SON,http://www.sec.gov/Archives/edgar/data/91767/000122520823001764/xslF345X03/doc4.xml,Dillard Robert R,Chief Strategy Officer,2023-02-09 00:00:00,Option Exercise,0.0,1229.0,0.0,3514.0,Feb 13 05:09 PM
SON,http://www.sec.gov/Archives/edgar/data/91767/000122520823001764/xslF345X03/doc4.xml,Dillard Robert R,Chief Strategy Officer,2023-02-10 00:00:00,Option Exercise,0.0,743.0,0.0,3812.0,Feb 13 05:09 PM
SON,http://www.sec.gov/Archives/edgar/data/91767/000122520823001764/xslF345X03/doc4.xml,Dillard Robert R,Chief Strategy Officer,2023-02-12 00:00:00,Option Exercise,0.0,419.0,0.0,3962.0,Feb 13 05:09 PM
CFG,http://www.sec.gov/Archives/edgar/data/759944/000075994423000010/xslF345X03/wf-form4_167632614914232.xml,Cummings Kevin,Director,2023-02-10 00:00:00,Option Exercise,38.33,90689.0,3476109.0,546478.0,Feb 13 05:09 PM
CFG,http://www.sec.gov/Archives/edgar/data/759944/000075994423000010/xslF345X03/wf-form4_167632614914232.xml,Cummings Kevin,Director,2023-02-10 00:00:00,Sale,43.0,90689.0,3899627.0,455789.0,Feb 13 05:09 PM
FVCB,http://www.sec.gov/Archives/edgar/data/1675644/000167564423000016/xslF345X03/primary_doc.xml,Testa Daniel M.,Director,2023-02-09 00:00:00,Option Exercise,5.73,300.0,1720.0,175325.0,Feb 13 05:09 PM
FVCB,http://www.sec.gov/Archives/edgar/data/1675644/000167564423000016/xslF345X03/primary_doc.xml,Testa Daniel M.,Director,2023-02-09 00:00:00,Sale,14.26,300.0,4278.0,175025.0,Feb 13 05:09 PM
EYPT,http://www.sec.gov/Archives/edgar/data/1277476/000156218023001338/xslF345X03/primarydocument.xml,GUYER DAVID R,Director,2023-02-09 00:00:00,Option Exercise,0.0,3000.0,0.0,7400.0,Feb 13 05:08 PM
EYPT,http://www.sec.gov/Archives/edgar/data/1314102/000156218023001337/xslF345X03/primarydocument.xml,Paggiarino Dario A.,Chief Medical Officer,2023-02-09 00:00:00,Option Exercise,0.0,10800.0,0.0,29451.0,Feb 13 05:07 PM
SON,http://www.sec.gov/Archives/edgar/data/91767/000122520823001762/xslF345X03/doc4.xml,Coker R. Howard,President & CEO,2023-02-09 00:00:00,Option Exercise,0.0,15125.0,0.0,225712.0,Feb 13 05:07 PM
SON,http://www.sec.gov/Archives/edgar/data/91767/000122520823001762/xslF345X03/doc4.xml,Coker R. Howard,President & CEO,2023-02-10 00:00:00,Option Exercise,0.0,9145.0,0.0,230145.0,Feb 13 05:07 PM
GERN,http://www.sec.gov/Archives/edgar/data/886744/000106299323002794/xslF345X03/form4.xml,GRETHLEIN ANDREW J,"EVP, Chief Operating Officer",2023-02-09 00:00:00,Option Exercise,1.51,150000.0,226500.0,384719.0,Feb 10 09:49 PM
GERN,http://www.sec.gov/Archives/edgar/data/886744/000106299323002794/xslF345X03/form4.xml,GRETHLEIN ANDREW J,"EVP, Chief Operating Officer",2023-02-09 00:00:00,Sale,3.03,384719.0,1165699.0,0.0,Feb 10 09:49 PM
GERN,http://www.sec.gov/Archives/edgar/data/886744/000106299323002792/xslF345X03/form4.xml,Bloom Olivia Kyusuk,"EVP, Chief Financial Officer",2023-02-08 00:00:00,Option Exercise,1.51,400000.0,604000.0,474588.0,Feb 10 09:48 PM
GERN,http://www.sec.gov/Archives/edgar/data/886744/000106299323002792/xslF345X03/form4.xml,Bloom Olivia Kyusuk,"EVP, Chief Financial Officer",2023-02-08 00:00:00,Sale,3.08,400000.0,1232000.0,74588.0,Feb 10 09:48 PM
GERN,http://www.sec.gov/Archives/edgar/data/886744/000106299323002790/xslF345X03/form4.xml,SCARLETT JOHN A,"Chairman, President and CEO",2023-02-09 00:00:00,Option Exercise,1.5,446666.0,669999.0,446666.0,Feb 10 09:47 PM
GERN,http://www.sec.gov/Archives/edgar/data/886744/000106299323002790/xslF345X03/form4.xml,SCARLETT JOHN A,"Chairman, President and CEO",2023-02-10 00:00:00,Option Exercise,1.5,446668.0,670002.0,446668.0,Feb 10 09:47 PM
GERN,http://www.sec.gov/Archives/edgar/data/886744/000106299323002790/xslF345X03/form4.xml,SCARLETT JOHN A,"Chairman, President and CEO",2023-02-08 00:00:00,Sale,3.08,446666.0,1375731.0,0.0,Feb 10 09:47 PM
GERN,http://www.sec.gov/Archives/edgar/data/886744/000106299323002790/xslF345X03/form4.xml,SCARLETT JOHN A,"Chairman, President and CEO",2023-02-10 00:00:00,Sale,3.0,446668.0,1340004.0,0.0,Feb 10 09:47 PM
GERN,http://www.sec.gov/Archives/edgar/data/886744/000106299323002790/xslF345X03/form4.xml,SCARLETT JOHN A,"Chairman, President and CEO",2023-02-09 00:00:00,Sale,3.03,446666.0,1353398.0,0.0,Feb 10 09:47 PM
UTRS,http://www.sec.gov/Archives/edgar/data/1235112/000120919123008574/xslF345X03/doc4.xml,NEW ENTERPRISE ASSOCIATES 13 L,10% Owner,2023-02-09 00:00:00,Buy,0.2,24437927.0,5000000.0,34437052.0,Feb 10 09:25 PM
PLPC,http://www.sec.gov/Archives/edgar/data/80035/000120919123008571/xslF345X03/doc4.xml,David C Sunkle,Director,2023-02-08 00:00:00,Option Exercise,0.0,1612.0,0.0,11837.0,Feb 10 08:22 PM
MGM,http://www.sec.gov/Archives/edgar/data/789570/000112760223004586/xslF345X03/form4.xml,HORNBUCKLE WILLIAM,CEO AND PRESIDENT,2023-02-09 00:00:00,Sale,44.86,110000.0,4934699.0,172781.0,Feb 10 08:17 PM
PLPC,http://www.sec.gov/Archives/edgar/data/80035/000120919123008568/xslF345X03/doc4.xml,Hofstetter John M,V.P. - Global Communications,2023-02-08 00:00:00,Option Exercise,0.0,3847.0,0.0,14060.0,Feb 10 08:09 PM
ARES,http://www.sec.gov/Archives/edgar/data/1025978/000162828023003203/xslF345X03/wf-form4_167607767616516.xml,RESSLER ANTONY P,Co-Founder & Exec. Chairman,2023-02-10 00:00:00,Sale,85.12,16879.0,1436740.0,0.0,Feb 10 08:08 PM
CRWD,http://www.sec.gov/Archives/edgar/data/1535527/000141588923002300/xslF345X03/form4-02102023_080201.xml,Henry Shawn,CHIEF SECURITY OFFICER,2023-04-18 00:00:00,Buy,229.11,2.0,458.0,170125.0,Feb 10 08:00 PM
EXEL,http://www.sec.gov/Archives/edgar/data/939767/000093976723000021/xslF345X03/wf-form4_167607695196458.xml,FELDBAUM CARL B,Director,2023-02-09 00:00:00,Option Exercise,6.3,40000.0,252000.0,58701.0,Feb 10 07:56 PM
EXEL,http://www.sec.gov/Archives/edgar/data/939767/000093976723000021/xslF345X03/wf-form4_167607695196458.xml,FELDBAUM CARL B,Director,2023-02-09 00:00:00,Sale,17.78,40000.0,711200.0,18701.0,Feb 10 07:56 PM
PLPC,http://www.sec.gov/Archives/edgar/data/80035/000120919123008558/xslF345X03/doc4.xml,Ruhlman Jon Ryan,V.P.-Marketing & Bus. Develop.,2023-02-08 00:00:00,Option Exercise,0.0,4274.0,0.0,13089.0,Feb 10 07:49 PM
MRNA,http://www.sec.gov/Archives/edgar/data/1222012/000089924323004651/xslF345X03/doc4.xml,AFEYAN NOUBAR,Director,2023-02-08 00:00:00,Sale,167.84,20000.0,3356761.0,2217209.0,Feb 10 07:30 PM
RBOT,http://www.sec.gov/Archives/edgar/data/1812173/000121390023010431/xslF345X03/ownership.xml,Liang Philip,Director,2023-02-08 00:00:00,Buy,3.05,79009.0,240740.0,162000.0,Feb 10 07:29 PM
TRUP,http://www.sec.gov/Archives/edgar/data/1371285/000137128523000033/xslF345X03/wf-form4_167607478987421.xml,PLOUF TRICIA,"EVP, Pricing",2023-02-08 00:00:00,Sale,59.76,700.0,41829.0,41023.0,Feb 10 07:20 PM
PLPC,http://www.sec.gov/Archives/edgar/data/80035/000120919123008532/xslF345X03/doc4.xml,Vaccariello Caroline Saylor,General Counsel&Corp Secretary,2023-02-08 00:00:00,Option Exercise,0.0,4132.0,0.0,17489.0,Feb 10 07:18 PM
BOOT,http://www.sec.gov/Archives/edgar/data/1610250/000141588923002299/xslF345X03/form4-02102023_110234.xml,Conroy James Grant,PRESIDENT AND CEO,2023-02-10 00:00:00,Option Exercise,14.36,56880.0,816772.0,92581.0,Feb 10 06:46 PM
BOOT,http://www.sec.gov/Archives/edgar/data/1610250/000141588923002299/xslF345X03/form4-02102023_110234.xml,Conroy James Grant,PRESIDENT AND CEO,2023-02-10 00:00:00,Sale,80.95,56880.0,4604430.0,35701.0,Feb 10 06:46 PM
SEIC,http://www.sec.gov/Archives/edgar/data/350894/000092963823000357/xslF345X03/form4.xml,Sharma Sanjay,EVP (*Remarks),2023-02-02 00:00:00,Option Exercise,33.76,9000.0,303840.0,14165.0,Feb 10 06:43 PM
SEIC,http://www.sec.gov/Archives/edgar/data/350894/000092963823000357/xslF345X03/form4.xml,Sharma Sanjay,EVP (*Remarks),2023-02-02 00:00:00,Sale,64.14,9000.0,577260.0,5165.0,Feb 10 06:43 PM
BDSX,http://www.sec.gov/Archives/edgar/data/1439725/000114036123006077/xslF345X03/form4.xml,Pestano Gary Anthony,Chief Development Officer,2023-02-09 00:00:00,Sale,1.8,1852.0,3332.0,95933.0,Feb 10 06:40 PM
BDSX,http://www.sec.gov/Archives/edgar/data/1439725/000114036123006076/xslF345X03/form4.xml,Hutton Scott,President & CEO,2023-02-09 00:00:00,Sale,1.8,16278.0,29286.0,199726.0,Feb 10 06:40 PM
BDSX,http://www.sec.gov/Archives/edgar/data/1439725/000114036123006075/xslF345X03/form4.xml,Siurek Ryan H,Chief Accounting Officer,2023-02-09 00:00:00,Sale,1.8,2016.0,3627.0,27161.0,Feb 10 06:40 PM
BDSX,http://www.sec.gov/Archives/edgar/data/1439725/000114036123006074/xslF345X03/form4.xml,Cowie Robin Harper,"CFO, Sec'y & Treasurer",2023-02-09 00:00:00,Sale,1.8,4220.0,7592.0,99275.0,Feb 10 06:40 PM
BDSX,http://www.sec.gov/Archives/edgar/data/1439725/000114036123006073/xslF345X03/form4.xml,O'Kane Kieran,Chief Commercial Officer,2023-02-09 00:00:00,Sale,1.8,1999.0,3596.0,22993.0,Feb 10 06:40 PM
ATI,http://www.sec.gov/Archives/edgar/data/1018963/000120919123008526/xslF345X03/doc4.xml,Davis Elliot S,Chief Legal & Compl. Officer,2023-02-08 00:00:00,Sale,39.07,9627.0,376172.0,151642.0,Feb 10 06:40 PM
INSP,http://www.sec.gov/Archives/edgar/data/1609550/000110465923018715/xslF345X03/tm236006-2_4seq1.xml,Herbert Timothy P.,CEO and President,2023-02-08 00:00:00,Sale,275.0,3500.0,962500.0,19375.0,Feb 10 06:36 PM
INSP,http://www.sec.gov/Archives/edgar/data/1609550/000110465923018715/xslF345X03/tm236006-2_4seq1.xml,Herbert Timothy P.,CEO and President,2023-02-09 00:00:00,Sale,275.12,7028.0,1933543.0,12347.0,Feb 10 06:36 PM
CRDO,http://www.sec.gov/Archives/edgar/data/1807794/000162828023003200/xslF345X03/wf-form4_167607197532742.xml,Cheng Chi Fung,Chief Technology Officer,2023-02-09 00:00:00,Sale,18.59,40000.0,743536.0,11288602.0,Feb 10 06:33 PM
CRDO,http://www.sec.gov/Archives/edgar/data/1807794/000162828023003200/xslF345X03/wf-form4_167607197532742.xml,Cheng Chi Fung,Chief Technology Officer,2023-02-09 00:00:00,Sale,18.59,40000.0,743544.0,680000.0,Feb 10 06:33 PM
ATEC,http://www.sec.gov/Archives/edgar/data/1350653/000141588923002296/xslF345X03/form4-02102023_110259.xml,Hunsaker Craig E,"EVP, PEOPLE/CULTURE & GC",2023-02-09 00:00:00,Sale,14.0,60000.0,840000.0,1435995.0,Feb 10 06:29 PM
FTNT,http://www.sec.gov/Archives/edgar/data/1262039/000120919123008525/xslF345X03/doc4.xml,Perche Patrice,Chief Revenue Off./EVP Supp.,2023-02-09 00:00:00,Option Exercise,21.33,435490.0,9288629.0,601224.0,Feb 10 06:28 PM
FTNT,http://www.sec.gov/Archives/edgar/data/1262039/000120919123008525/xslF345X03/doc4.xml,Perche Patrice,Chief Revenue Off./EVP Supp.,2023-02-09 00:00:00,Sale,58.97,575494.0,33935130.0,25730.0,Feb 10 06:28 PM
INTL,http://www.sec.gov/Archives/edgar/data/913760/000091376023000029/xslF345X03/wf-form4_167607158223324.xml,Dunaway William J,Chief Financial Officer,2023-02-08 00:00:00,Sale,100.76,264.0,26602.0,68683.0,Feb 10 06:26 PM
SNEX,http://www.sec.gov/Archives/edgar/data/913760/000091376023000029/xslF345X03/wf-form4_167607158223324.xml,Dunaway William J,Chief Financial Officer,2023-02-08 00:00:00,Sale,100.76,264.0,26602.0,68683.0,Feb 10 06:26 PM
ZM,http://www.sec.gov/Archives/edgar/data/1364713/000158552123000029/xslF345X03/wf-form4_167607144052294.xml,Steckelberg Kelly,Chief Financial Officer,2023-02-09 00:00:00,Sale,78.6,3224.0,253401.0,0.0,Feb 10 06:24 PM
IT,http://www.sec.gov/Archives/edgar/data/749251/000112760223004550/xslF345X03/form4.xml,Hensel Scott,EVP Global Services & Delivery,2023-02-08 00:00:00,Option Exercise,114.26,8361.0,955328.0,20387.0,Feb 10 06:22 PM
IT,http://www.sec.gov/Archives/edgar/data/749251/000112760223004550/xslF345X03/form4.xml,Hensel Scott,EVP Global Services & Delivery,2023-02-09 00:00:00,Option Exercise,0.0,1602.0,0.0,16635.0,Feb 10 06:22 PM
IT,http://www.sec.gov/Archives/edgar/data/749251/000112760223004550/xslF345X03/form4.xml,Hensel Scott,EVP Global Services & Delivery,2023-02-09 00:00:00,Sale,355.0,3007.0,1067485.0,12885.0,Feb 10 06:22 PM
IT,http://www.sec.gov/Archives/edgar/data/749251/000112760223004549/xslF345X03/form4.xml,HALL EUGENE A,CEO,2023-02-09 00:00:00,Option Exercise,0.0,9196.0,0.0,1168900.0,Feb 10 06:21 PM
IT,http://www.sec.gov/Archives/edgar/data/749251/000112760223004549/xslF345X03/form4.xml,HALL EUGENE A,CEO,2023-02-09 00:00:00,Sale,351.33,16410.0,5765382.0,1148281.0,Feb 10 06:21 PM
IT,http://www.sec.gov/Archives/edgar/data/749251/000112760223004548/xslF345X03/form4.xml,Herkes Claire,"EVP, Conferences",2023-02-09 00:00:00,Option Exercise,0.0,977.0,0.0,3918.0,Feb 10 06:20 PM
IT,http://www.sec.gov/Archives/edgar/data/749251/000112760223004548/xslF345X03/form4.xml,Herkes Claire,"EVP, Conferences",2023-02-09 00:00:00,Sale,355.56,613.0,217958.0,2998.0,Feb 10 06:20 PM
IT,http://www.sec.gov/Archives/edgar/data/749251/000112760223004545/xslF345X03/form4.xml,Wartinbee William James III,"SVP, Global Sales Strat & Ops",2023-02-09 00:00:00,Option Exercise,0.0,302.0,0.0,8733.0,Feb 10 06:18 PM
IT,http://www.sec.gov/Archives/edgar/data/749251/000112760223004543/xslF345X03/form4.xml,Jain Akhil,"EVP, Consulting",2023-02-09 00:00:00,Option Exercise,0.0,977.0,0.0,2346.0,Feb 10 06:17 PM
META,http://www.sec.gov/Archives/edgar/data/1326801/000095010323002188/xslF345X03/dp188602_4-newstead.xml,Newstead Jennifer,Chief Legal Officer,2023-02-08 00:00:00,Sale,190.0,327.0,62130.0,23782.0,Feb 10 06:17 PM
IT,http://www.sec.gov/Archives/edgar/data/749251/000112760223004542/xslF345X03/form4.xml,Beck Joseph P.,"EVP, Global Technology Sales",2023-02-09 00:00:00,Option Exercise,0.0,1463.0,0.0,12250.0,Feb 10 06:16 PM
CTKB,http://www.sec.gov/Archives/edgar/data/1831915/000120919123008517/xslF345X03/doc4.xml,Yan Ming,Chief Technology Officer,2023-02-08 00:00:00,Sale,13.53,897.0,12136.0,7944844.0,Feb 10 06:15 PM
IT,http://www.sec.gov/Archives/edgar/data/749251/000112760223004541/xslF345X03/form4.xml,Genovese Yvonne,"EVP, Global Product Management",2023-02-09 00:00:00,Option Exercise,0.0,977.0,0.0,2315.0,Feb 10 06:15 PM
IT,http://www.sec.gov/Archives/edgar/data/749251/000112760223004539/xslF345X03/form4.xml,Kranich Robin B,EVP & CHRO,2023-02-09 00:00:00,Option Exercise,0.0,1602.0,0.0,13839.0,Feb 10 06:14 PM
CNO,http://www.sec.gov/Archives/edgar/data/1224608/000106299323002689/xslF345X03/form4.xml,Goldberg Scott L.,"President, Consumer Division",2023-02-10 00:00:00,Sale,25.34,17095.0,433182.0,120210.0,Feb 10 06:13 PM
IT,http://www.sec.gov/Archives/edgar/data/749251/000112760223004537/xslF345X03/form4.xml,Allard Kenneth,EVP & CMO,2023-02-09 00:00:00,Option Exercise,0.0,1232.0,0.0,5164.0,Feb 10 06:13 PM
EXP,http://www.sec.gov/Archives/edgar/data/918646/000120919123008514/xslF345X03/doc4.xml,Powers David B,Director,2023-02-08 00:00:00,Sale,147.48,4941.0,728698.0,23662.0,Feb 10 06:12 PM
BLK,http://www.sec.gov/Archives/edgar/data/1364742/000112760223004536/xslF345X03/form4.xml,Comerchero Marc D.,Principal Accounting Officer,2023-02-09 00:00:00,Sale,728.66,650.0,473631.0,3055.0,Feb 10 06:12 PM
EXP,http://www.sec.gov/Archives/edgar/data/918646/000120919123008513/xslF345X03/doc4.xml,Damiris George John,Director,2023-02-08 00:00:00,Sale,148.67,2250.0,334500.0,6336.0,Feb 10 06:12 PM
DNLI,http://www.sec.gov/Archives/edgar/data/1714899/000171489923000021/xslF345X03/wf-form4_167607072949570.xml,Ho Carole,Chief Medical Officer,2023-02-08 00:00:00,Sale,30.88,1521.0,46968.0,180183.0,Feb 10 06:12 PM
IT,http://www.sec.gov/Archives/edgar/data/749251/000112760223004535/xslF345X03/form4.xml,Safian Craig,EVP & CFO,2023-02-09 00:00:00,Option Exercise,0.0,2642.0,0.0,64089.0,Feb 10 06:12 PM
DNLI,http://www.sec.gov/Archives/edgar/data/1714899/000171489923000020/xslF345X03/wf-form4_167607068513350.xml,Schuth Alexander O.,COFO and Secretary,2023-02-08 00:00:00,Sale,30.89,1521.0,46984.0,499902.0,Feb 10 06:11 PM
IT,http://www.sec.gov/Archives/edgar/data/749251/000112760223004534/xslF345X03/form4.xml,Dawkins Alwyn,"EVP, Global Business Sales",2023-02-09 00:00:00,Option Exercise,0.0,1602.0,0.0,40556.0,Feb 10 06:10 PM
HRI,http://www.sec.gov/Archives/edgar/data/921669/000153949723000204/xslF345X03/ownership.xml,ICAHN CARL C,10% Owner,2023-02-10 00:00:00,Sale,150.81,77560.0,11696824.0,2853421.0,Feb 10 06:10 PM
CRDO,http://www.sec.gov/Archives/edgar/data/1807794/000162828023003197/xslF345X03/wf-form4_167607060313376.xml,Lam Yat Tung,Chief Operating Officer,2023-02-08 00:00:00,Sale,18.38,5000.0,91924.0,3128888.0,Feb 10 06:10 PM
CRDO,http://www.sec.gov/Archives/edgar/data/1807794/000162828023003197/xslF345X03/wf-form4_167607060313376.xml,Lam Yat Tung,Chief Operating Officer,2023-02-08 00:00:00,Sale,18.38,150000.0,2756855.0,3470000.0,Feb 10 06:10 PM
DNLI,http://www.sec.gov/Archives/edgar/data/1666236/000171489923000019/xslF345X03/wf-form4_167607058932396.xml,Krognes Steve E.,Director,2023-02-08 00:00:00,Sale,30.88,1377.0,42522.0,145121.0,Feb 10 06:10 PM
IT,http://www.sec.gov/Archives/edgar/data/749251/000112760223004533/xslF345X03/form4.xml,Sribar Valentin,"EVP, Research & Advisory",2023-02-09 00:00:00,Option Exercise,0.0,977.0,0.0,12474.0,Feb 10 06:07 PM
IT,http://www.sec.gov/Archives/edgar/data/749251/000112760223004532/xslF345X03/form4.xml,Diliberto Michael Patrick,"EVP, Chief Information Officer",2023-02-09 00:00:00,Option Exercise,0.0,1602.0,0.0,17321.0,Feb 10 06:06 PM
AJG,http://www.sec.gov/Archives/edgar/data/354190/000112760223004531/xslF345X03/form4.xml,McCurdy Kay W,Director,2023-02-08 00:00:00,Sale,196.59,182.0,35779.0,31091.0,Feb 10 06:06 PM
OGN,http://www.sec.gov/Archives/edgar/data/1821825/000110465923018708/xslF345X03/tm236288-1_4seq1.xml,DiMarco Kathryn,Corporate Controller,2023-02-09 00:00:00,Option Exercise,0.0,1869.0,0.0,4615.0,Feb 10 06:04 PM
FLL,http://www.sec.gov/Archives/edgar/data/891482/000120919123008507/xslF345X03/doc4.xml,Guidroz Elaine,"SVP Secretary, General Counsel",2023-02-09 00:00:00,Option Exercise,1.51,700.0,1057.0,18452.0,Feb 10 06:00 PM
FLL,http://www.sec.gov/Archives/edgar/data/891482/000120919123008507/xslF345X03/doc4.xml,Guidroz Elaine,"SVP Secretary, General Counsel",2023-02-09 00:00:00,Sale,9.75,700.0,6825.0,17752.0,Feb 10 06:00 PM
FOX,http://www.sec.gov/Archives/edgar/data/1306819/000120919123008506/xslF345X03/doc4.xml,DINH VIET D,Chief Legal and Policy Officer,2023-02-09 00:00:00,Sale,35.91,72207.0,2592953.0,49384.0,Feb 10 05:57 PM
FOXA,http://www.sec.gov/Archives/edgar/data/1306819/000120919123008506/xslF345X03/doc4.xml,DINH VIET D,Chief Legal and Policy Officer,2023-02-09 00:00:00,Sale,35.91,72207.0,2592953.0,49384.0,Feb 10 05:57 PM
CRVL,http://www.sec.gov/Archives/edgar/data/874866/000175449923000006/xslF345X03/edgardoc.xml,O'Brien Brandon,Chief Financial Officer,2023-02-08 00:00:00,Option Exercise,77.93,1668.0,129987.0,4850.0,Feb 10 05:54 PM
CRVL,http://www.sec.gov/Archives/edgar/data/874866/000175449923000006/xslF345X03/edgardoc.xml,O'Brien Brandon,Chief Financial Officer,2023-02-08 00:00:00,Sale,185.16,1668.0,308845.0,3182.0,Feb 10 05:54 PM
ETNB,http://www.sec.gov/Archives/edgar/data/1785173/000089924323004616/xslF345X03/doc4.xml,Martins Ryan,Chief Financial Officer,2023-02-08 00:00:00,Sale,14.41,1480.0,21327.0,32868.0,Feb 10 05:32 PM
CAT,http://www.sec.gov/Archives/edgar/data/18230/000110465923018691/xslF345X03/tm236025-9_4seq1.xml,Long Suzette M,CLO/General Counsel,2023-02-09 00:00:00,Sale,251.04,8000.0,2008289.0,8776.0,Feb 10 05:28 PM
IESC,http://www.sec.gov/Archives/edgar/data/1048268/000104826823000022/xslF345X03/wf-form4_167606786715960.xml,Simmes Matthew J,Chief Operating Officer,2023-02-09 00:00:00,Option Exercise,7.21,1000.0,7210.0,70394.0,Feb 10 05:24 PM
PCB,http://www.sec.gov/Archives/edgar/data/1423869/000174947323000002/xslF345X03/wf-form4_167606786517398.xml,CHO HAEYOUNG,Director,2023-02-10 00:00:00,Option Exercise,9.3,5000.0,46500.0,207541.0,Feb 10 05:24 PM
PDLB,http://www.sec.gov/Archives/edgar/data/1874071/000120919123008502/xslF345X03/doc4.xml,Gonzalez Luis Gerardo Jr.,Chief Operating Officer,2023-02-09 00:00:00,Buy,9.25,1081.0,10002.0,1306.0,Feb 10 05:23 PM
DCOM,http://www.sec.gov/Archives/edgar/data/846617/000156761923002402/xslF345X03/doc1.xml,"BASSWOOD CAPITAL MANAGEMENT, L",Director-by-Deputization,2023-02-08 00:00:00,Sale,31.25,2858.0,89312.0,984.0,Feb 10 05:20 PM
DCOM,http://www.sec.gov/Archives/edgar/data/846617/000156761923002402/xslF345X03/doc1.xml,"BASSWOOD CAPITAL MANAGEMENT, L",Director-by-Deputization,2023-02-09 00:00:00,Sale,31.17,12822.0,399662.0,0.0,Feb 10 05:20 PM
AKAM,http://www.sec.gov/Archives/edgar/data/1086222/000108622223000038/xslF345X03/wf-form4_167606734620054.xml,LEIGHTON F THOMSON,Chief Executive Officer,2023-02-08 00:00:00,Buy,88.14,284.0,25032.0,11528.0,Feb 10 05:16 PM
AKAM,http://www.sec.gov/Archives/edgar/data/1086222/000108622223000038/xslF345X03/wf-form4_167606734620054.xml,LEIGHTON F THOMSON,Chief Executive Officer,2023-02-09 00:00:00,Buy,87.03,288.0,25065.0,11816.0,Feb 10 05:16 PM
AKAM,http://www.sec.gov/Archives/edgar/data/1086222/000108622223000038/xslF345X03/wf-form4_167606734620054.xml,LEIGHTON F THOMSON,Chief Executive Officer,2023-02-10 00:00:00,Buy,86.26,290.0,25015.0,12106.0,Feb 10 05:16 PM
DT,http://www.sec.gov/Archives/edgar/data/1537211/000089924323004602/xslF345X03/doc4.xml,"THOMA BRAVO UGP, LLC",10% Owner,2023-02-10 00:00:00,Sale,45.15,14773500.0,667023525.0,69524770.0,Feb 10 05:11 PM
K,http://www.sec.gov/Archives/edgar/data/55067/000120919123008479/xslF345X03/doc4.xml,KELLOGG W K FOUNDATION TRUST,10% Owner,2023-02-10 00:00:00,Sale,67.63,100000.0,6762950.0,55631838.0,Feb 10 05:09 PM
AEO,http://www.sec.gov/Archives/edgar/data/919012/000122520823001697/xslF345X03/doc4.xml,Rempell Michael R,"EVP, Chief Operations Officer",2023-02-08 00:00:00,Sale,15.99,33642.0,537936.0,171973.0,Feb 10 05:05 PM
SQ,http://www.sec.gov/Archives/edgar/data/1512673/000120919123008468/xslF345X03/doc4.xml,Henry Alyssa,Square Lead,2023-02-08 00:00:00,Sale,82.74,30769.0,2545877.0,418667.0,Feb 10 05:05 PM
HSON,http://www.sec.gov/Archives/edgar/data/1210708/000121070823000025/xslF345X03/wf-form4_167606670678397.xml,Eberwein Jeffrey E.,Chief Executive Officer,2023-02-08 00:00:00,Buy,26.08,500.0,13040.0,271181.0,Feb 10 05:05 PM
HSON,http://www.sec.gov/Archives/edgar/data/1210708/000121070823000025/xslF345X03/wf-form4_167606670678397.xml,Eberwein Jeffrey E.,Chief Executive Officer,2023-02-09 00:00:00,Buy,26.46,500.0,13231.0,271681.0,Feb 10 05:05 PM
HSON,http://www.sec.gov/Archives/edgar/data/1210708/000121070823000025/xslF345X03/wf-form4_167606670678397.xml,Eberwein Jeffrey E.,Chief Executive Officer,2023-02-10 00:00:00,Buy,26.17,500.0,13085.0,272181.0,Feb 10 05:05 PM
AGCO,http://www.sec.gov/Archives/edgar/data/880266/000120919123008467/xslF345X03/doc4.xml,Crain Robert B,"SVP, Customer Experience",2023-02-10 00:00:00,Sale,132.67,13000.0,1724710.0,40167.0,Feb 10 05:05 PM
EOSE,http://www.sec.gov/Archives/edgar/data/1805077/000162828023003183/xslF345X03/wf-form4_167606667775238.xml,Berube Melissa,General Counsel,2023-02-09 00:00:00,Option Exercise,0.0,25000.0,0.0,43835.0,Feb 10 05:04 PM
SONO,http://www.sec.gov/Archives/edgar/data/1314727/000156218023001259/xslF345X03/primarydocument.xml,Millington Nicholas,Chief Innovation Officer,2023-02-09 00:00:00,Option Exercise,5.0,41898.0,209490.0,336481.0,Feb 10 05:04 PM
SONO,http://www.sec.gov/Archives/edgar/data/1314727/000156218023001259/xslF345X03/primarydocument.xml,Millington Nicholas,Chief Innovation Officer,2023-02-09 00:00:00,Sale,20.13,41898.0,843285.0,294583.0,Feb 10 05:04 PM
SNV,http://www.sec.gov/Archives/edgar/data/18349/000001834923000011/xslF345X03/wf-form4_167606654233432.xml,Dierdorff Thomas T,"EVP, Corp. & Inv. Banking",2023-02-10 00:00:00,Sale,43.36,1947.0,84422.0,9314.0,Feb 10 05:02 PM
IDXX,http://www.sec.gov/Archives/edgar/data/874716/000156761923002390/xslF345X03/doc1.xml,Hunt Nimrata,Executive Vice President,2023-02-09 00:00:00,Option Exercise,141.6,706.0,99970.0,10463.0,Feb 10 05:00 PM
APLS,http://www.sec.gov/Archives/edgar/data/1492422/000112760223004506/xslF345X03/form4.xml,Deschatelets Pascal,Chief Scientific Officer,2023-02-08 00:00:00,Option Exercise,2.67,18500.0,49395.0,1018756.0,Feb 10 05:00 PM
APLS,http://www.sec.gov/Archives/edgar/data/1492422/000112760223004506/xslF345X03/form4.xml,Deschatelets Pascal,Chief Scientific Officer,2023-02-08 00:00:00,Sale,54.45,12000.0,653400.0,1006756.0,Feb 10 05:00 PM
THR,http://www.sec.gov/Archives/edgar/data/1489096/000148909623000026/xslF345X03/wf-form4_167606630418967.xml,Harris-Peterson Candace,"VP, Human Resources",2023-02-10 00:00:00,Sale,27.15,6358.0,172620.0,12799.0,Feb 10 04:58 PM
SNA,http://www.sec.gov/Archives/edgar/data/91440/000112760223004502/xslF345X03/form4.xml,LEHMAN WILLIAM DUDLEY,Director,2023-02-10 00:00:00,Sale,248.24,363.0,90111.0,10980.0,Feb 10 04:58 PM
TSCO,http://www.sec.gov/Archives/edgar/data/916365/000091636523000028/xslF345X03/wf-form4_167606622459003.xml,Barton Kurt D,EVP Chief Financial Officer,2023-02-09 00:00:00,Option Exercise,73.18,5000.0,365900.0,47172.0,Feb 10 04:57 PM
TSCO,http://www.sec.gov/Archives/edgar/data/916365/000091636523000028/xslF345X03/wf-form4_167606622459003.xml,Barton Kurt D,EVP Chief Financial Officer,2023-02-09 00:00:00,Sale,231.21,10020.0,2316724.0,37152.0,Feb 10 04:57 PM
SONO,http://www.sec.gov/Archives/edgar/data/1314727/000156218023001258/xslF345X03/primarydocument.xml,Coles Joanna,Director,2023-02-09 00:00:00,Sale,20.55,5430.0,111586.0,15667.0,Feb 10 04:56 PM
TSCO,http://www.sec.gov/Archives/edgar/data/916365/000091636523000027/xslF345X03/wf-form4_167606615389447.xml,Lawton III Harry A,President & CEO,2023-02-09 00:00:00,Sale,231.21,20067.0,4639691.0,84734.0,Feb 10 04:56 PM
ACRS,http://www.sec.gov/Archives/edgar/data/1557746/000120919123008451/xslF345X03/doc4.xml,Loerop James,Chief Business Officer,2023-02-08 00:00:00,Sale,13.89,4267.0,59272.0,6983.0,Feb 10 04:55 PM
TARS,http://www.sec.gov/Archives/edgar/data/1819790/000182767223000012/xslF345X03/wf-form4_167606603017023.xml,Azamian Bobak R.,President/CEO and Board Chair,2023-02-08 00:00:00,Sale,15.14,9000.0,136260.0,1102106.0,Feb 10 04:54 PM
RAMP,http://www.sec.gov/Archives/edgar/data/733269/000190360123000002/xslF345X03/primary_doc.xml,Hussain Mohsin,CHIEF TECHNOLOGY OFFICER,2023-02-09 00:00:00,Sale,26.3,6415.0,168714.0,102601.0,Feb 10 04:54 PM
TTEK,http://www.sec.gov/Archives/edgar/data/831641/000083164123000015/xslF345X03/wf-form4_167606594870717.xml,Ritrievi Kimberly E,Director,2023-02-08 00:00:00,Sale,151.09,1800.0,271962.0,29940.0,Feb 10 04:52 PM
SLGN,http://www.sec.gov/Archives/edgar/data/849869/000084986923000011/xslF345X03/wf-form4_167606589862275.xml,ALLOTT ANTHONY J,Director,2023-02-07 00:00:00,Sale,54.5,100.0,5450.0,776983.0,Feb 10 04:51 PM
SLGN,http://www.sec.gov/Archives/edgar/data/849869/000084986923000011/xslF345X03/wf-form4_167606589862275.xml,ALLOTT ANTHONY J,Director,2023-02-08 00:00:00,Sale,54.3,16510.0,896574.0,760473.0,Feb 10 04:51 PM
SLGN,http://www.sec.gov/Archives/edgar/data/849869/000084986923000011/xslF345X03/wf-form4_167606589862275.xml,ALLOTT ANTHONY J,Director,2023-02-09 00:00:00,Sale,54.08,50972.0,2756515.0,709501.0,Feb 10 04:51 PM
TSCO,http://www.sec.gov/Archives/edgar/data/916365/000091636523000024/xslF345X03/wf-form4_167606580990964.xml,Yankee Colin,EVP Supply Chain,2023-02-08 00:00:00,Sale,231.92,653.0,151444.0,13536.0,Feb 10 04:50 PM
SMCI,http://www.sec.gov/Archives/edgar/data/1126026/000175855423000025/xslF345X03/wf-form4_167606573159871.xml,TUAN SHERMAN,Director,2023-02-08 00:00:00,Sale,87.0,1000.0,87000.0,24696.0,Feb 10 04:49 PM
DNA,http://www.sec.gov/Archives/edgar/data/1830214/000112760223004494/xslF345X03/form4.xml,Shetty Reshma P.,See remarks,2023-02-09 00:00:00,Sale,1.81,37650.0,68222.0,14068794.0,Feb 10 04:47 PM
DOMA,http://www.sec.gov/Archives/edgar/data/1722438/000172243823000019/xslF345X03/wf-form4_167606562555222.xml,Simkoff Maxwell,Chief Executive Officer,2023-02-08 00:00:00,Sale,0.64,235977.0,150789.0,45752312.0,Feb 10 04:47 PM
DNA,http://www.sec.gov/Archives/edgar/data/1830214/000112760223004493/xslF345X03/form4.xml,Kelly Jason R,See remarks,2023-02-09 00:00:00,Sale,1.81,100000.0,181300.0,13094680.0,Feb 10 04:45 PM
MCFT,http://www.sec.gov/Archives/edgar/data/1356974/000089924323004586/xslF345X03/doc4.xml,"Coliseum Capital Management, L",10% Owner,2023-02-08 00:00:00,Sale,34.24,335500.0,11487520.0,1473105.0,Feb 10 04:44 PM
IAS,http://www.sec.gov/Archives/edgar/data/1842718/000184271823000002/xslF345X03/wf-form4_167606544240362.xml,SUKUMARAN ANIL,Chief Accounting Officer,2023-02-08 00:00:00,Sale,10.87,1052.0,11435.0,55449.0,Feb 10 04:44 PM
DNA,http://www.sec.gov/Archives/edgar/data/1830214/000112760223004490/xslF345X03/form4.xml,Canton Barry,10% Owner,2023-02-09 00:00:00,Sale,1.81,37650.0,68222.0,14068794.0,Feb 10 04:43 PM
TWI,http://www.sec.gov/Archives/edgar/data/899751/000089975123000002/xslF345X03/wf-form4_167606535682642.xml,TROYANOVICH MICHAEL G,Secretary and General Counsel,2023-02-10 00:00:00,Sale,15.1,40000.0,604080.0,113785.0,Feb 10 04:42 PM
SAGE,http://www.sec.gov/Archives/edgar/data/1042021/000156218023001257/xslF345X03/primarydocument.xml,JONAS JEFFREY M,Director,2023-02-10 00:00:00,Option Exercise,0.45,11643.0,5239.0,133624.0,Feb 10 04:42 PM
SAGE,http://www.sec.gov/Archives/edgar/data/1042021/000156218023001257/xslF345X03/primarydocument.xml,JONAS JEFFREY M,Director,2023-02-10 00:00:00,Sale,44.61,11643.0,519413.0,121981.0,Feb 10 04:42 PM
HSY,http://www.sec.gov/Archives/edgar/data/47111/000112760223004489/xslF345X03/form4.xml,Reiman Jason,SVP Chief Supply Chain Officer,2023-02-09 00:00:00,Sale,234.83,150.0,35224.0,12717.0,Feb 10 04:42 PM
CRUS,http://www.sec.gov/Archives/edgar/data/772406/000127390223000028/xslF345X03/wf-form4_167606524212768.xml,Alberty Carl Jackson,"VP, MSP",2023-02-08 00:00:00,Option Exercise,44.18,2772.0,122475.0,38434.0,Feb 10 04:40 PM
CRUS,http://www.sec.gov/Archives/edgar/data/772406/000127390223000028/xslF345X03/wf-form4_167606524212768.xml,Alberty Carl Jackson,"VP, MSP",2023-02-08 00:00:00,Sale,105.45,1998.0,210689.0,36436.0,Feb 10 04:40 PM
CRUS,http://www.sec.gov/Archives/edgar/data/772406/000127390223000027/xslF345X03/wf-form4_167606520755495.xml,ANDERSON SCOTT ARNOLD,"Sr VP, Supply Chain",2023-02-09 00:00:00,Option Exercise,44.01,25674.0,1129912.0,27464.0,Feb 10 04:40 PM
CRUS,http://www.sec.gov/Archives/edgar/data/772406/000127390223000027/xslF345X03/wf-form4_167606520755495.xml,ANDERSON SCOTT ARNOLD,"Sr VP, Supply Chain",2023-02-09 00:00:00,Sale,105.36,29229.0,3079481.0,8979.0,Feb 10 04:40 PM
MSTR,http://www.sec.gov/Archives/edgar/data/1050446/000120919123008431/xslF345X03/doc4.xml,Lang Timothy Edwin,SEVP & CTO,2023-02-09 00:00:00,Option Exercise,157.43,30000.0,4722900.0,32882.0,Feb 10 04:38 PM
MSTR,http://www.sec.gov/Archives/edgar/data/1050446/000120919123008431/xslF345X03/doc4.xml,Lang Timothy Edwin,SEVP & CTO,2023-02-09 00:00:00,Sale,266.76,30000.0,8002935.0,2882.0,Feb 10 04:38 PM
MUSA,http://www.sec.gov/Archives/edgar/data/1381734/000112760223004487/xslF345X03/form4.xml,West Malynda K,"EVP, Fuels, CFO & Treasurer",2023-02-08 00:00:00,Option Exercise,0.0,9936.0,0.0,102856.0,Feb 10 04:38 PM
OPOF,http://www.sec.gov/Archives/edgar/data/740971/000112760223004486/xslF345X03/form4.xml,Golden Sarah B,Director,2023-02-10 00:00:00,Buy,25.74,388.0,9975.0,1780.0,Feb 10 04:38 PM
FVCB,http://www.sec.gov/Archives/edgar/data/1675644/000167564423000015/xslF345X03/primary_doc.xml,Dempsey B. Todd,Chief Operating Officer,2023-02-09 00:00:00,Sale,14.08,15000.0,211161.0,71831.0,Feb 10 04:37 PM
MUSA,http://www.sec.gov/Archives/edgar/data/1573516/000112760223004484/xslF345X03/form4.xml,Smith Donald R Jr,VP & Corporate Controller,2023-02-08 00:00:00,Option Exercise,0.0,2232.0,0.0,20514.0,Feb 10 04:37 PM
TEAM,http://www.sec.gov/Archives/edgar/data/1650372/000156218023001256/xslF345X03/primarydocument.xml,Cannon-Brookes Michael,"Co-CEO, Co-Founder",2023-02-09 00:00:00,Sale,175.18,8614.0,1508998.0,301490.0,Feb 10 04:35 PM
TEAM,http://www.sec.gov/Archives/edgar/data/1650372/000156218023001255/xslF345X03/primarydocument.xml,Farquhar Scott,"Co-CEO, Co-Founder",2023-02-09 00:00:00,Sale,175.18,8614.0,1508994.0,301490.0,Feb 10 04:35 PM
MUSA,http://www.sec.gov/Archives/edgar/data/1573516/000112760223004482/xslF345X03/form4.xml,Clyde R Andrew,President & CEO,2023-02-08 00:00:00,Option Exercise,0.0,38324.0,0.0,245732.0,Feb 10 04:34 PM
TRV,http://www.sec.gov/Archives/edgar/data/86312/000112760223004479/xslF345X03/form4.xml,Klein Michael Frederick,"EVP & President, Personal Ins.",2023-02-09 00:00:00,Option Exercise,118.78,20000.0,2375600.0,29107.0,Feb 10 04:32 PM
TRV,http://www.sec.gov/Archives/edgar/data/86312/000112760223004479/xslF345X03/form4.xml,Klein Michael Frederick,"EVP & President, Personal Ins.",2023-02-09 00:00:00,Sale,185.31,20000.0,3706211.0,9107.0,Feb 10 04:32 PM
MUSA,http://www.sec.gov/Archives/edgar/data/1573516/000112760223004477/xslF345X03/form4.xml,CHUMLEY ROBERT J,"SVP, Chief Digital Officer",2023-02-08 00:00:00,Option Exercise,0.0,5068.0,0.0,7121.0,Feb 10 04:32 PM
TNYA,http://www.sec.gov/Archives/edgar/data/1668085/000089924323004584/xslF345X03/doc4.xml,"COLUMN GROUP III GP, LP",10% Owner,2023-02-08 00:00:00,Buy,2.6,1500000.0,3900000.0,11370274.0,Feb 10 04:32 PM
MUSA,http://www.sec.gov/Archives/edgar/data/1573516/000112760223004475/xslF345X03/form4.xml,Bridges Jennifer,"SVP, Asset Development",2023-02-08 00:00:00,Option Exercise,0.0,2028.0,0.0,4627.0,Feb 10 04:31 PM
ELF,http://www.sec.gov/Archives/edgar/data/1600033/000156761923002388/xslF345X03/doc1.xml,Levitan Lauren Cooks,Director,2023-02-08 00:00:00,Sale,70.87,2974.0,210770.0,28209.0,Feb 10 04:31 PM
CMG,http://www.sec.gov/Archives/edgar/data/1058090/000112760223004474/xslF345X03/form4.xml,Niccol Brian R,"Chairman, CEO",2023-02-09 00:00:00,Sale,1633.11,2193.0,3581419.0,23347.0,Feb 10 04:31 PM
ELF,http://www.sec.gov/Archives/edgar/data/1600033/000156761923002386/xslF345X03/doc1.xml,Franks Joshua Allen,"SVP, Operations",2023-02-09 00:00:00,Option Exercise,15.7,12161.0,190928.0,126438.0,Feb 10 04:30 PM
ELF,http://www.sec.gov/Archives/edgar/data/1600033/000156761923002386/xslF345X03/doc1.xml,Franks Joshua Allen,"SVP, Operations",2023-02-08 00:00:00,Option Exercise,15.7,600.0,9420.0,114877.0,Feb 10 04:30 PM
ELF,http://www.sec.gov/Archives/edgar/data/1600033/000156761923002386/xslF345X03/doc1.xml,Franks Joshua Allen,"SVP, Operations",2023-02-08 00:00:00,Sale,72.05,600.0,43227.0,114277.0,Feb 10 04:30 PM
ELF,http://www.sec.gov/Archives/edgar/data/1600033/000156761923002386/xslF345X03/doc1.xml,Franks Joshua Allen,"SVP, Operations",2023-02-09 00:00:00,Sale,72.4,12161.0,880447.0,114277.0,Feb 10 04:30 PM
MUSA,http://www.sec.gov/Archives/edgar/data/1573516/000112760223004472/xslF345X03/form4.xml,Bacon Renee M,"SVP, Sales & Ops & CMO",2023-02-08 00:00:00,Option Exercise,0.0,4460.0,0.0,12264.0,Feb 10 04:30 PM
PLPC,http://www.sec.gov/Archives/edgar/data/80035/000120919123008392/xslF345X03/doc4.xml,Olenik John J,VP-Research & Engineering,2023-02-08 00:00:00,Option Exercise,0.0,2707.0,0.0,3884.0,Feb 10 04:28 PM
BWMN,http://www.sec.gov/Archives/edgar/data/1847590/000120919123008390/xslF345X03/doc4.xml,Bruen Michael,Chief Operating Officer,2023-02-08 00:00:00,Sale,27.18,2500.0,67950.0,489783.0,Feb 10 04:28 PM
RSG,http://www.sec.gov/Archives/edgar/data/1060391/000120919123008388/xslF345X03/doc4.xml,GOEBEL BRIAN A,CAO,2023-02-08 00:00:00,Option Exercise,0.0,24.0,0.0,6210.0,Feb 10 04:28 PM
AA,http://www.sec.gov/Archives/edgar/data/1612161/000120919123008386/xslF345X03/doc4.xml,Harvey Roy Christopher,"President, CEO & Director",2023-02-08 00:00:00,Sale,51.34,30000.0,1540170.0,950140.0,Feb 10 04:27 PM
CCCC,http://www.sec.gov/Archives/edgar/data/1662579/000166257923000027/xslF345X03/wf-form4_167606442384071.xml,Koppikar Utpal,Director,2023-02-08 00:00:00,Buy,5.6,5667.0,31735.0,5667.0,Feb 10 04:27 PM
RSG,http://www.sec.gov/Archives/edgar/data/1060391/000120919123008376/xslF345X03/doc4.xml,DelGhiaccio Brian M,EVP Chief Financial Officer,2023-02-08 00:00:00,Option Exercise,0.0,57.0,0.0,6975.0,Feb 10 04:25 PM
NEE,http://www.sec.gov/Archives/edgar/data/753308/000106299323002632/xslF345X03/form4.xml,CAMAREN JAMES LAWRENCE,Director,2023-02-09 00:00:00,Buy,73.5,2000.0,146991.0,147930.0,Feb 10 04:24 PM
CRM,http://www.sec.gov/Archives/edgar/data/1108524/000112760223004468/xslF345X03/form4.xml,Benioff Marc,Chair and CEO,2023-02-09 00:00:00,Option Exercise,75.57,725.0,54788.0,27754334.0,Feb 10 04:24 PM
CRM,http://www.sec.gov/Archives/edgar/data/1108524/000112760223004468/xslF345X03/form4.xml,Benioff Marc,Chair and CEO,2023-02-09 00:00:00,Sale,173.98,725.0,126135.0,27753609.0,Feb 10 04:24 PM
SAIA,http://www.sec.gov/Archives/edgar/data/1177702/000156218023001252/xslF345X03/primarydocument.xml,HOLZGREFE FREDERICK J III,President & CEO,2023-02-09 00:00:00,Sale,275.88,5592.0,1542715.0,13965.0,Feb 10 04:24 PM
SAIA,http://www.sec.gov/Archives/edgar/data/1177702/000156218023001254/xslF345X03/primarydocument.xml,EISNOR DI-ANN,Director,2023-02-08 00:00:00,Sale,297.34,750.0,223005.0,5085.0,Feb 10 04:24 PM
SAIA,http://www.sec.gov/Archives/edgar/data/1177702/000156218023001253/xslF345X03/primarydocument.xml,ODELL RICHARD D,Director,2023-02-09 00:00:00,Sale,277.99,11519.0,3202167.0,8110.0,Feb 10 04:24 PM
RSG,http://www.sec.gov/Archives/edgar/data/1060391/000120919123008370/xslF345X03/doc4.xml,Bales Brian A,"EVP, Chief Development Officer",2023-02-08 00:00:00,Option Exercise,0.0,96.0,0.0,19827.0,Feb 10 04:23 PM
SAIA,http://www.sec.gov/Archives/edgar/data/1177702/000156218023001246/xslF345X03/primarydocument.xml,COL DOUGLAS L,"Executive VP, CFO & Secretary",2023-02-09 00:00:00,Option Exercise,100.2,940.0,94188.0,10831.0,Feb 10 04:23 PM
SAIA,http://www.sec.gov/Archives/edgar/data/1177702/000156218023001246/xslF345X03/primarydocument.xml,COL DOUGLAS L,"Executive VP, CFO & Secretary",2023-02-09 00:00:00,Sale,278.57,3776.0,1051874.0,7055.0,Feb 10 04:23 PM
TNYA,http://www.sec.gov/Archives/edgar/data/1182464/000089924323004580/xslF345X03/doc4.xml,GOEDDEL DAVID V,Director,2023-02-08 00:00:00,Buy,2.6,1500000.0,3900000.0,11370274.0,Feb 10 04:22 PM
RSG,http://www.sec.gov/Archives/edgar/data/1060391/000120919123008364/xslF345X03/doc4.xml,Stuart Timothy E,COO,2023-02-08 00:00:00,Option Exercise,0.0,1955.0,0.0,21630.0,Feb 10 04:21 PM
TWO,http://www.sec.gov/Archives/edgar/data/1465740/000146574023000052/xslF345X03/wf-form4_167606400627773.xml,VINAR JASON,Vice President & COO,2023-02-08 00:00:00,Sale,16.97,1228.0,20844.0,34995.0,Feb 10 04:20 PM
DOW,http://www.sec.gov/Archives/edgar/data/1476281/000175178823000018/xslF345X03/wf-form4_167606400672077.xml,Edmonds Ronald C,Controller and Vice President,2023-02-08 00:00:00,Option Exercise,47.31,25551.0,1208818.0,35793.0,Feb 10 04:20 PM
TWO,http://www.sec.gov/Archives/edgar/data/1447307/000146574023000050/xslF345X03/wf-form4_167606391971652.xml,Sandberg Rebecca B,General Counsel and Secretary,2023-02-08 00:00:00,Sale,16.97,2540.0,43106.0,97866.0,Feb 10 04:18 PM
RSG,http://www.sec.gov/Archives/edgar/data/1060391/000120919123008357/xslF345X03/doc4.xml,Ellingsen Catharine D,EVP/Chief Legal Officer/Sec,2023-02-08 00:00:00,Option Exercise,0.0,1744.0,0.0,31436.0,Feb 10 04:18 PM
HRT,http://www.sec.gov/Archives/edgar/data/1859285/000185928523000011/xslF345X03/wf-form4_167606385012117.xml,RJC GIS Holdings LLC,10% Owner,2023-02-09 00:00:00,Sale,11.97,1000.0,11970.0,10752897.0,Feb 10 04:17 PM
PLPC,http://www.sec.gov/Archives/edgar/data/80035/000120919123008352/xslF345X03/doc4.xml,RUHLMAN ROBERT G,President - CEO,2023-02-08 00:00:00,Option Exercise,0.0,32948.0,0.0,80337.0,Feb 10 04:17 PM
TWO,http://www.sec.gov/Archives/edgar/data/1465740/000146574023000048/xslF345X03/wf-form4_167606380530868.xml,RUSH ROBERT,Vice President & CRO,2023-02-08 00:00:00,Sale,16.97,2301.0,39042.0,61897.0,Feb 10 04:17 PM
ADNT,http://www.sec.gov/Archives/edgar/data/1193775/000167054123000054/xslF345X03/wf-form4_167606378544795.xml,DELGROSSO DOUGLAS G,President and CEO,2023-02-08 00:00:00,Sale,45.33,200.0,9066.0,617557.0,Feb 10 04:16 PM
CDAY,http://www.sec.gov/Archives/edgar/data/1725057/000120919123008350/xslF345X03/doc4.xml,Armstrong Christopher R,"EVP, Chief Operating Officer",2023-02-09 00:00:00,Sale,77.5,3902.0,302405.0,96575.0,Feb 10 04:16 PM
LPG,http://www.sec.gov/Archives/edgar/data/1596993/000091957423000904/xslF345X03/ownership.xml,Lycouris John,CEO of Dorian LPG (USA) LLC,2023-02-08 00:00:00,Sale,22.04,22304.0,491580.0,219475.0,Feb 10 04:16 PM
PRT,http://www.sec.gov/Archives/edgar/data/1719890/000171989023000013/xslF345X03/primary_doc.xml,"Boaz Energy II, LLC",10% Owner,2023-02-08 00:00:00,Sale,7.4,4400.0,32564.0,5313773.0,Feb 10 04:16 PM
PRT,http://www.sec.gov/Archives/edgar/data/1719890/000171989023000013/xslF345X03/primary_doc.xml,"Boaz Energy II, LLC",10% Owner,2023-02-09 00:00:00,Sale,7.31,4000.0,29221.0,5309773.0,Feb 10 04:16 PM
PRT,http://www.sec.gov/Archives/edgar/data/1719890/000171989023000013/xslF345X03/primary_doc.xml,"Boaz Energy II, LLC",10% Owner,2023-02-10 00:00:00,Sale,7.46,5500.0,41018.0,5304273.0,Feb 10 04:16 PM
CARR,http://www.sec.gov/Archives/edgar/data/1783180/000122520823001650/xslF345X03/doc4.xml,Crockett Kyle,"Vice President, Controller",2023-02-09 00:00:00,Sale,45.85,10433.0,478378.0,0.0,Feb 10 04:16 PM
RSG,http://www.sec.gov/Archives/edgar/data/1060391/000120919123008344/xslF345X03/doc4.xml,Vander Ark Jon,CEO and President,2023-02-08 00:00:00,Option Exercise,0.0,2353.0,0.0,54924.0,Feb 10 04:15 PM
ADNT,http://www.sec.gov/Archives/edgar/data/1670541/000167054123000053/xslF345X03/wf-form4_167606370134957.xml,Tiltmann Heather M,"EVP, CLO, CHRO & Secretary",2023-02-08 00:00:00,Sale,45.42,100.0,4542.0,40970.0,Feb 10 04:15 PM
TWO,http://www.sec.gov/Archives/edgar/data/1465740/000146574023000046/xslF345X03/wf-form4_167606368196640.xml,RISKEY MARY KATHRYN,Chief Financial Officer,2023-02-08 00:00:00,Sale,16.97,2181.0,37006.0,68146.0,Feb 10 04:14 PM
SCWX,http://www.sec.gov/Archives/edgar/data/1070170/000101905623000118/xslF345X03/gagnon.xml,Gagnon Neil,10% Owner,2023-02-08 00:00:00,Buy,8.71,8654.0,75411.0,420952.0,Feb 10 04:14 PM
MPWR,http://www.sec.gov/Archives/edgar/data/1280452/000121465923001958/xslF345X03/marketforms-59443.xml,Xiao Deming,Pres. of MPS Asia Operations,2023-02-09 00:00:00,Sale,520.0,2129.0,1107080.0,276643.0,Feb 10 04:14 PM
MPWR,http://www.sec.gov/Archives/edgar/data/1280452/000121465923001957/xslF345X03/marketforms-59436.xml,Sciammas Maurice,Sr. V.P.of Sales and Marketing,2023-02-08 00:00:00,Sale,462.41,6922.0,3200802.0,219951.0,Feb 10 04:14 PM
MA,http://www.sec.gov/Archives/edgar/data/1141391/000089534523000076/xslF345X03/form4.xml,Mastercard Foundation,10% Owner,2023-02-09 00:00:00,Sale,372.41,172548.0,64258135.0,101080735.0,Feb 10 04:14 PM
MA,http://www.sec.gov/Archives/edgar/data/1141391/000089534523000076/xslF345X03/form4.xml,Mastercard Foundation,10% Owner,2023-02-10 00:00:00,Sale,365.62,172548.0,63087000.0,100908187.0,Feb 10 04:14 PM
MPWR,http://www.sec.gov/Archives/edgar/data/1280452/000121465923001956/xslF345X03/marketforms-59435.xml,Hsing Michael,CEO,2023-02-08 00:00:00,Sale,462.41,22483.0,10396364.0,1067449.0,Feb 10 04:13 PM
EXTR,http://www.sec.gov/Archives/edgar/data/1078271/000143774923003039/xslF345X03/rdgdoc.xml,Khanna Raj,Director,2023-02-09 00:00:00,Sale,19.53,10000.0,195318.0,237267.0,Feb 10 04:13 PM
MPWR,http://www.sec.gov/Archives/edgar/data/1280452/000121465923001955/xslF345X03/marketforms-59434.xml,BLEGEN THEODORE,CFO,2023-02-08 00:00:00,Sale,462.41,5684.0,2628338.0,138368.0,Feb 10 04:13 PM
MPWR,http://www.sec.gov/Archives/edgar/data/1280452/000121465923001954/xslF345X03/marketforms-59437.xml,Tseng Saria,VP & General Counsel,2023-02-08 00:00:00,Sale,462.41,6922.0,3200802.0,275999.0,Feb 10 04:13 PM
TWO,http://www.sec.gov/Archives/edgar/data/1465740/000146574023000044/xslF345X03/wf-form4_167606357476710.xml,KEEN MATTHEW,Vice President & CTO,2023-02-08 00:00:00,Sale,16.96,544.0,9226.0,25620.0,Feb 10 04:13 PM
MPWR,http://www.sec.gov/Archives/edgar/data/1280452/000121465923001953/xslF345X03/marketforms-59438.xml,Xiao Deming,Pres. of MPS Asia Operations,2023-02-08 00:00:00,Sale,462.41,6922.0,3200802.0,278772.0,Feb 10 04:13 PM
TWO,http://www.sec.gov/Archives/edgar/data/1465740/000146574023000042/xslF345X03/wf-form4_167606343164170.xml,HANSON ALECIA,Vice President & CAO,2023-02-08 00:00:00,Sale,17.02,915.0,15574.0,24986.0,Feb 10 04:10 PM
ZI,http://www.sec.gov/Archives/edgar/data/1794515/000179451523000025/xslF345X03/wf-form4_167606342874806.xml,Schuck Henry,Chief Executive Officer,2023-02-08 00:00:00,Sale,28.28,1000000.0,28284462.0,12288001.0,Feb 10 04:10 PM
ZI,http://www.sec.gov/Archives/edgar/data/1794515/000179451523000025/xslF345X03/wf-form4_167606342874806.xml,Schuck Henry,Chief Executive Officer,2023-02-08 00:00:00,Sale,28.27,41667.0,1178127.0,362377.0,Feb 10 04:10 PM
NEE,http://www.sec.gov/Archives/edgar/data/753308/000106299323002625/xslF345X03/form4.xml,PORGES DAVID L,Director,2023-02-09 00:00:00,Buy,73.27,7000.0,512862.0,42524.0,Feb 10 04:10 PM
HZO,http://www.sec.gov/Archives/edgar/data/1057060/000120919123008330/xslF345X03/doc4.xml,Cassella Anthony E. Jr.,VP & Chief Accounting Officer,2023-02-08 00:00:00,Sale,31.02,5000.0,155100.0,8060.0,Feb 10 04:10 PM
TWO,http://www.sec.gov/Archives/edgar/data/1465740/000146574023000040/xslF345X03/wf-form4_167606332124345.xml,GREENBERG WILLIAM ROSS,President and CEO,2023-02-08 00:00:00,Sale,16.99,7408.0,125877.0,178302.0,Feb 10 04:08 PM
XGN,http://www.sec.gov/Archives/edgar/data/1274737/000127473723000008/xslF345X03/wf-form4_167606330014830.xml,Hazeltine Mark,Chief Business Officer,2023-02-08 00:00:00,Sale,2.69,5821.0,15672.0,93872.0,Feb 10 04:08 PM
PRMW,http://www.sec.gov/Archives/edgar/data/884713/000088471323000002/xslF345X03/wf-form4_167606320939735.xml,FOWDEN JEREMY S G,Director,2023-02-08 00:00:00,Option Exercise,14.68,47630.0,699208.0,1316400.0,Feb 10 04:07 PM
PRMW,http://www.sec.gov/Archives/edgar/data/884713/000088471323000002/xslF345X03/wf-form4_167606320939735.xml,FOWDEN JEREMY S G,Director,2023-02-08 00:00:00,Sale,16.01,47630.0,762685.0,1268770.0,Feb 10 04:07 PM
XGN,http://www.sec.gov/Archives/edgar/data/1274737/000127473723000007/xslF345X03/wf-form4_167606311295012.xml,Adawi Kamal,CFO and Corporate Secretary,2023-02-08 00:00:00,Sale,2.69,5821.0,15671.0,91938.0,Feb 10 04:05 PM
ALGM,http://www.sec.gov/Archives/edgar/data/866291/000182886523000002/xslF345X03/wf-form4_167606307366896.xml,Lury Richard R.,Director,2023-02-08 00:00:00,Sale,42.58,6000.0,255480.0,27663.0,Feb 10 04:04 PM
